"state","city","name","advo_bool","cloth_bool","job_bool","fin_bool","food_bool","house_bool","health_bool","hyg_bool","legal_bool","mental_bool","sosh_bool","youth_bool","xport_bool","qfco","qyco","lsvo","tflo","tfmpo","tfms","other","address","street","city_norm","state_norm","zip","url","email","phone"
"Alabama","Birmingham","Magic City Acceptance Center",1,0,0,0,0,0,0,0,0,0,1,1,0,"X",,,,,,,"3130 3rd Ave South Birmingham, Alabama 35233","3130 3rd Ave South","Birmingham","AL",35233,"http://magiccityacceptancecenter.org/","Keller@mcac-bao.org","205-407-8157"
"Alabama","Enterprise","Prism Counseling and Community Services",0,0,0,0,0,0,0,0,0,1,0,0,0,,,,,"X",,,"26438 Hwy 134 Suite B Enterprise, AL 36330","26438 Hwy 134 Suite B","Enterprise","AL",36330,"https://www.prisminclusive.org/","enterprise@prismccs.org","334-475-3729"
"Alabama","Florence","Shoals Diversity Center",1,0,0,0,0,0,1,0,0,1,1,0,0,,,"X",,,,,"Florence, Alabama",,"Florence","AL",,"-https://shoals-diversity-center.ueniweb.com/ -https://www.shoalsdiversitycenter.org/","shoalsdiversitycenter@gmail.com","256-284-2708"
"Alabama","Mobile","Prism United",1,0,0,1,0,0,1,0,1,1,1,1,0,,"X",,,,,,"151 S Ann St Mobile, Alabama 36604","151 S Ann St","Mobile","AL",36604,"https://prismunited.org/","info@prismunited.org","251-219-8441"
"Alabama","Montgomery","Montgomery Pride United",1,1,1,0,1,1,1,1,1,1,1,1,0,"X",,,,,,,"635 Madison Ave Montgomery, AL 36104","635 Madison Ave","Montgomery","AL",36104,"https://montgomeryprideunited.org/","montgomeryprideunited8@gmail.com","334-356-2464"
"Alabama","Statewide","Trans Family Support Services: Alabama",1,1,0,0,0,0,1,0,1,1,1,1,0,,,"X",,,,,"Alabama",,,"AL",,"https://transfamilysos.org/alabamachapter/","alabama@TransFamilysos.org","256-344-3883"
"Alaska","Statewide","Alaska AIDS Assistance Anchorage",1,0,0,0,1,1,1,0,0,1,1,0,0,,,,,,,"X","1057 W. Fireweed Ln Suite 102 Anchorage, AK 99503","1057 W. Fireweed Ln Suite 102","Anchorage","AK",99503,"https://www.alaskanaids.org/","rlutz@alaskanaids.org","907-263-2050"
"Alaska","Statewide","Alaska AIDS Assistance Juneau",1,0,0,0,1,1,1,0,0,1,1,0,0,,,,,,,"X","225 Front St Suite 103-A Juneau, AK 99801","225 Front St Suite 103-A","Juneau","AK",99801,"https://www.alaskanaids.org/","rlutz@alaskanaids.org","907-263-2050"
"Alaska","Anchorage","Identity Inc Health Clinic",0,0,0,0,0,0,1,0,1,1,1,1,0,,,,,"X",,,"307 E Northern Lights Blvd Suite 101 Anchorage, AK 99503","307 E Northern Lights Blvd Suite 101","Anchorage","AK",99503,"http://www.identityinc.org/","Health Clinic: frontdesk@identityinc.org Community Center: info@identityinc.org","Health Clinic: 907-865-3247 Community Center: 907-929-4528"
"Alaska","Anchorage","Choosing Our Roots (Youth Center)",1,1,1,0,0,1,0,1,1,1,1,1,1,,"X",,,,,,"3905 Carolina Dr, Anchorage, AK 99517","3905 Carolina Dr","Anchorage","AK",99517,"http://www.choosingourroots.org/","info@choosingourroots.org","907-764-6233"
"Arizona","Bullhead City","Bullhead City Pride Center",1,0,0,0,0,1,0,0,0,0,1,0,0,"X",,,,,,," 1960 Hwy 95 Suite 5 Bullhead City, AZ 86442"," 1960 Hwy 95 Suite 5","Bullhead City","AZ",86442,"https://www.lgbtqawarenessofaz.com/","bhpc@lgbtqawarenessofaz.com","928-715-6985"
"Arizona","Phoenix","One 'N Ten (Youth Center)",1,1,1,0,1,1,1,1,0,1,1,1,0,,"X",,,,,,"1101 N Central Ave Suite 104 Phoenix AZ 85004","1101 N Central Ave Suite 104","Phoenix","AZ",85004,"http://onenten.org/","office@onenten.org","602-400-2601"
"Arizona","Anthem","One 'N Ten",1,0,1,0,0,1,0,0,0,1,1,1,0,,"X",,,,,,"Anthem Way & Gavilan Peak Pkwy Anthem, Arizona, 85086","Anthem Way & Gavilan Peak Pkwy","Anthem","AZ",85086,"http://onenten.org/","sandra@onenten.org","For updates, text @anonenten to 81010"
"Arizona","Chandler","One 'N Ten",1,0,1,0,0,1,0,0,0,1,1,1,0,,"X",,,,,,"Ray Rd & Kyrene Rd Chandler, Arizona, 85226","Ray Rd & Kyrene Rd","Chandler","AZ",85226,"http://onenten.org/","sandra@onenten.org","For updates, text @chonenten to 81010"
"Arizona","Flagstaff","One 'N Ten",1,0,1,0,0,1,0,0,0,1,1,1,0,,"X",,,,,,"Route 66 & Humphreys St Flagstaff, Arizona, 86001","Route 66 & Humphreys St","Flagstaff","AZ",86001,"http://onenten.org/","sandra@onenten.org","For updates, text @fsonenten to 81010"
"Arizona","Gilbert","One 'N Ten",1,0,1,0,0,1,0,0,0,1,1,1,0,,"X",,,,,,"Cooper Rd & Guadalupe Rd Gilbert, Arizona, 85233","Cooper Rd & Guadalupe Rd","Gilbert","AZ",85233,"http://onenten.org/","sandra@onenten.org","For updates, text @gdonenten to 81010"
"Arizona","Litchfield Park","One 'N Ten",1,0,1,0,0,1,0,0,0,1,1,1,0,,"X",,,,,,"Litchfield Rd & Indian School Rd Litchfield Park, Arizona, 85340","Litchfield Rd & Indian School Rd","Litchfield Park","AZ",85340,"http://onenten.org/","sandra@onenten.org","For updates, text @lponenten to 81010"
"Arizona","Mesa","One 'N Ten",1,0,1,0,0,1,0,0,0,1,1,1,0,,"X",,,,,,"Southern Ave & Lindsay Rd Mesa, Arizona, 85204","Southern Ave & Lindsay Rd","Mesa","AZ",85204,"http://onenten.org/","sandra@onenten.org","For updates, text @msonenten to 81010"
"Arizona","Peoria","One 'N Ten",1,0,1,0,0,1,0,0,0,1,1,1,0,,"X",,,,,,"Monroe St & 85th Ave Peoria, Arizona, 85345","Monroe St & 85th Ave","Peoria","AZ",85345,"http://onenten.org/","sandra@onenten.org","For updates, text @peonenten to 81010"
"Arizona","Prescott","One 'N Ten",1,0,1,0,0,1,0,0,0,1,1,1,0,,"X",,,,,,"Grove Ave & Gurley St Prescott, Arizona, 86301","Grove Ave & Gurley St","Prescott","AZ",86301,"http://onenten.org/","sandra@onenten.org","For updates, text @psonenten to 81010"
"Arizona","San Tan Valley","One 'N Ten",1,0,1,0,0,1,0,0,0,1,1,1,0,,"X",,,,,,"Thompson Rd & Mountain Vista Rd San Tan Valley, Arizona, 85142","Thompson Rd & Mountain Vista Rd","San Tan Valley","AZ",85142,"http://onenten.org/","sandra@onenten.org","For updates, text @qconenten to 81010"
"Arizona","Scottsdale","One 'N Ten",1,0,1,0,0,1,0,0,0,1,1,1,0,,"X",,,,,,"Scottsdale Rd & Cactus Rd Scottsdale, Arizona, 85260","Scottsdale Rd & Cactus Rd","Scottsdale","AZ",85260,"http://onenten.org/","sandra@onenten.org","For updates, text @sdonenten to 81010"
"Arizona","Surprise","One 'N Ten",1,0,1,0,0,1,0,0,0,1,1,1,0,,"X",,,,,,"Bell Road & El Mirage Rd Surprise, Arizona, 85374","Bell Road & El Mirage Rd","Surprise","AZ",85374,"http://onenten.org/","sandra@onenten.org","For updates, text @sronenten to 81010"
"Arizona","Tempe","One 'N Ten",1,0,1,0,0,1,0,0,0,1,1,1,0,,"X",,,,,,"5th St & Hardy Dr Tempe, Arizona, 85281","5th St & Hardy Dr","Tempe","AZ",85281,"http://onenten.org/","sandra@onenten.org","For updates, text @teonenten to 81010"
"Arizona","Statewide Locations","Terros Health: Cafe 27",0,0,1,0,1,0,1,0,0,1,1,1,1,,,,,"X",,,"3864 N 27th Ave Suite 103 Phoenix, AZ 85017","3864 N 27th Ave Suite 103","Phoenix","AZ",85017,"https://www.terroshealth.org/youth-center-services/","cafe27referrals@terroshealth.org","602-389-3660"
"Arizona","multiple locations","Terros Health Network (incomplete entry)",0,0,0,0,0,0,1,0,0,0,0,0,0,,,,,"X",,,"Multiple Locations, please add later https://www.terroshealth.org/locations/",,,,,"https://www.terroshealth.org/","unknown","unknown"
"Arizona","Tucson","Thornhill Lopez Center on 4th (Youth Center)",1,1,1,0,1,1,1,1,0,1,1,1,0,,"X",,,,,,"526 N. 4th Ave Tucson, AZ 85719","526 N. 4th Ave","Tuscon","AZ",85719,"https://saaf.org/services/thornhill-lopez-center-on-4th/","tlc4@saaf.org","520-628-7223"
"Arizona","Tucson","Bread and Roses",1,0,0,0,0,1,0,0,0,0,0,0,0,,"X",,,,,,"Tucson, Arizona",,"Tuscon","AZ",,"https://www.saaf.org/hiv-prevention-and-testing/bread-and-roses/","crobidoux@saaf.org","520-547-6109"
"Arkansas","Fayetteville","Arthur Beeghly LGBTQ+ Resource Center",1,0,0,0,0,0,1,0,0,0,1,1,0,"X",,,,,,,"179 N. Church Ave Ste. 101 Fayetteville, AR 72701","179 N. Church Ave Ste. 101","Fayettevill","AR",72701,"https://www.nwaequality.org/","info@nwaequality.org","479-966-9014 Ext 1"
"Arkansas","Siolam Springs","The Equality Crew (Youth Center)",0,1,0,0,0,0,0,0,0,1,1,1,0,,"X",,,,,,"Siolam Springs, Arkansas",,"Siolam Springs","AR",,"https://www.theequalitycrew.org/","hello@theequalitycrew.org","unknown"
"California","Bakersfield","The Center for Sexuality & Gender Diversity",1,0,1,0,0,0,1,0,1,1,1,1,0,"X",,,,,,,"902 18th St Bakersfield, CA 93301","902 18th St","Bakersfield","CA",93301,"http://www.thecenterbak.org/","info@thecenterbak.org","661-843-7995"
"California","Berkely","Pacific Center for Human Growth",1,0,0,0,0,0,1,0,0,1,1,1,0,,,,,"X",,,"2 Telegraph Ave Berkeley, CA 94705","2 Telegraph Ave","Berkeley","CA",94705,"https://www.pacificcenter.org/","info@pacificcenter.org","510-548-8283"
"California","Burbank","Burbank Community YMCA Social Impact Center",1,0,1,0,1,0,1,0,0,1,1,1,0,"X",,,,,,,"321 E. Magnolia Blvd Burbank CA 91502","321 E. Magnolia Blvd","Burbank","CA",91502,"https://www.burbankymca.org/social-impact-center","N/A","818-845-8551"
"California","Burbank","Burbank Temporary Aid Center",1,0,0,1,1,1,1,1,0,0,0,0,0,,,,,,,"X","1304 W. Burbank Blvd Burbank, CA 91506","1304 W. Burbank Blvd","Burbank","CA",91506,"https://burbanktemporaryaidcenter.org//","info@thebtac.org","818-848-2822"
"California","Los Angeles","Children's Hospital Center For Trans Youth & Development ",0,0,0,0,0,0,1,0,1,1,1,0,0,,,,,"X",,,"4650 Sunset Blvd Los Angeles, CA 90027","4650 Sunset Blvd","Los Angeles","CA",90027,"https://www.chla.org/the-center-transyouth-health-and-development","ctyhd@chla.usc.edu","323-361-2153"
"California","Los Angeles","Home Again LA",0,0,1,0,0,1,0,0,0,0,0,0,0,,,,,,,"X","Los Angeles, California",,"Los Angeles","CA",,"https://www.homeagainla.org/","info@HomeAgainLA.org ","818-847-1547"
"California","Chico","Stonewall Alliance Center of Chico",1,0,0,1,0,0,1,0,1,1,1,1,0,"X",,,,,,,"358 East 6th St Chico, CA 95928","358 East 6th St","Chico","CA",95928,"https://www.stonewallchico.com/","pride@stonewallchico.org","530-893-3336"
"California","Palm Springs","LGBTQ Community Center of the Desert-Food Bank",0,0,0,0,1,0,0,0,0,0,0,0,0,"X",,,,,,,"610 South Belardo Rd Palm Spring, CA 92264","610 South Belardo Rd","Palm Springs","CA",92264,"https://thecentercv.org/the-community-food-bank-at-the-center/","programs@thecenterCV.org","760-281-2616"
"California","Palm Springs","LGBTQ Community Center of the Desert",0,1,0,0,0,0,0,0,0,0,1,1,0,"X",,,,,,,"1301 North Palm Canyon Dr 3rd Floor Palm Springs, CA 92262","1301 North Palm Canyon Dr 3rd Floor","Palm Springs","CA",92262,"https://thecentercv.org/","info@thecentercv.org","760-416-7790"
"California","Palm Springs","Scott Hines Behavioral Health Clinic",0,0,0,0,0,0,0,0,0,0,0,0,0,,,,,"X",,,"1301 North Palm Canyon Dr 2nd Floor Palm Springs, CA 92262","1301 North Palm Canyon Dr 2nd Floor","Palm Springs","CA",92262,"https://thecentercv.org/scott-hines-behavioral-health-clinic/","mmartin@thecentercv.org","760-416-7790 Ext. 3"
"California","Concord","Rainbow Community Center",1,0,0,0,1,0,1,0,0,1,1,1,0,"X",,,,,,,"2380 Salvio St Suite 301 Concord, CA 94520","2380 Salvio St Suite 301","Concord","CA",94520,"https://www.rainbowcc.org/","rcc@rainbowcc.org","925-692-0090"
"California","Concord","LGBTQIA+ Houseless Transitional Youth Program",0,1,0,1,1,1,1,0,1,1,1,1,1,"X",,,,,,,"2380 Salvio St Suite 301 Concord, CA 94520","2380 Salvio St Suite 301","Concord","CA",94520,"https://www.rainbowcc.org/homeless-transitional-youth-program","dana@rainbowcc.org","925-692-0090 ext. 704"
"California","Corte Madera","The Spahr Center",1,0,0,0,1,0,1,0,0,1,1,1,0,"X",,,,,,,"150 Nellen Ave #100 Corte Madera, CA 94925","150 Nellen Ave #100","Corte Madera","CA",94925,"https://www.thespahrcenter.org/","info@thespahrcenter.org","415-457-2487"
"California","El Centro","Imperial Valley LGBT Resource Center",0,0,0,0,0,0,0,0,0,1,1,0,0,"X",,,,,,,"1073 Ross Ave Suite E El Centro, CA 92243","1073 Ross Ave Suite E","El Centro","CA",92243,"https://ivlgbtcenter.com/","info@ivlgbtcenter.com","760-592-4066"
"California","San Diego","Transgender and Non-Binary Name and Gender-Marker Change Legal Clinic",0,0,0,0,0,0,0,0,1,0,0,0,0,,,,"X",,,,"San Diego, California",,"San Diego","CA",,"https://thecentersd.org/events/transgender-name-and-gender-marker-change-clinic-april/","transclinic.sandiego@gmail.com","619-606-2692 "
"California","El Centro","LetsGo! Liberation Clinic at El Centro, UCLA Law School",0,0,0,0,0,0,0,0,1,0,0,0,0,,,,"X",,,,"El Centro, California",,"El Centro","CA",,"https://law.ucla.edu/life-ucla-law/student-organizations/el-centro-legal-clinics","ElCentro@lawnet.ucla.edu","323.960.9279"
"California","San Jose","Law Foundation of Silicon Valley",0,0,0,0,0,0,0,0,1,0,0,0,0,,,,"X",,,,"4 North Second St Suite 1300 San Jose, CA 95113 ","4 North Second St Suite 1300","San Jose","CA",95113,"https://www.lawfoundation.org/health-program"," healthintake@lawfoundation.org","408-280-2420"
"California","Pasadena","Chazan Family Law, PC",0,0,0,0,0,0,0,0,1,0,0,0,0,,,,"X",,,,"225 S. Lake Ave Suite 300
Pasadena, CA 91101","225 S. Lake Ave Suite 300","Pasadena","CA",91101,"https://acfamilylaw.com/","unknown","626-239-6372"
"California","Los Angeles","LA LGBT Center: Anita May Rosenstein Campus",1,0,1,0,0,1,1,0,1,1,1,1,0,"X",,,,,,,"1118 N. McCadden Pl
Los Angeles, CA 90038","1118 N. McCadden Pl","Los Angeles","CA",90038,"https://lalgbtcenter.org/","unknown","unknown; ask other centers"
"California","Los Angeles","LA LGBT Center: McDonald/Wright Building",1,0,1,0,0,1,1,0,1,1,1,1,0,"X",,,,,,,"1625 N. Schrader Blvd
Los Angeles, CA 90028-6213",,,,,"https://lalgbtcenter.org/","unknown","323-993-7400"
"California","Los Angeles","LA LGBT Center: The Village at Ed Gould Plaza",1,0,1,0,0,1,1,0,1,1,1,1,0,"X",,,,,,,"1125 N. McCadden Pl
Los Angeles, CA 90038",,,,,"https://lalgbtcenter.org/","unknown","323-993-7400"
"California","Los Angeles","LA LGBT Center: Campus Annex",1,0,1,0,0,1,1,0,1,1,1,1,0,"X",,,,,,,"1111 N. Las Palmas Ave
Los Angeles, CA 90038",,,,,"https://lalgbtcenter.org/","unknown","323-993-7400"
"California","Los Angeles","LA LGBT Center: Center South",1,0,1,0,0,1,1,0,1,1,1,1,0,"X",,,,,,,"2313 W. MLK Jr. Blvd
Los Angeles, CA 90008",,,,,"https://lalgbtcenter.org/","unknown","323-860-3799"
"California","Los Angeles","LA LGBT Center: Center WeHo",1,0,1,0,0,1,1,0,1,1,1,1,0,"X",,,,,,,"8745 Santa Monica Blvd 2nd Floor
West Hollywood, CA 90069",,,,,"https://lalgbtcenter.org/","unknown","323-993-7500"
"California","Los Angeles","LA LGBT Center: Mi Centro",1,0,1,0,0,1,1,0,1,1,1,1,0,"X",,,,,,,"553 S. Clarence St
Los Angeles, CA 90033",,,,,"https://lalgbtcenter.org/","micentro@lalgbtcenter.org","323-860-7332"
"California","Los Angeles","LA LGBT Center: Triangle Square",1,0,1,0,0,1,1,0,1,1,1,1,0,"X",,,,,,,"1602 Ivar Avenue
Los Angeles, California 90028",,,,,"https://lalgbtcenter.org/","unknown","323-993-7400"
"California","Los Angeles","Trans Wellness Center",1,1,1,0,0,1,1,0,1,1,1,1,0,"X",,,,,,,"3055 Wilshire Blvd Suite 360
Los Angeles, CA 90010",,,,,"https://mytranswellness.org/","transwellness@lalgbtcenter.org","323-993-2900"
"California","San Diego","The San Diego LGBT Community Center",1,1,0,0,1,1,1,1,0,1,1,1,0,"X",,,,,,,"3909 Centre St
San Diego, CA 92103",,,,,"https://thecentersd.org/","hello@thecentersd.org","619-692-2077"
"California","El Monte","San Gabriel Valley LGBTQ Center",1,0,0,0,0,0,0,0,0,0,1,0,0,"X",,,,,,,"El Monte, California",,,,,"https://www.sgvlgbtq.org/","info@sgvlgbtq.org","626-578-5772"
"California","Fairfield","Solano Pride Center",0,0,0,0,0,0,0,0,0,1,1,1,0,"X",,,,,,,"1234 Empire St Suite 1560
Fairfield, CA 94533",,,,,"https://www.solanopride.org/","Info@Solanopride.org","707-207-3430"
"California","Frazier Park","Frazier Mtn Pride",0,0,0,0,0,0,0,0,0,0,1,0,0,,,"X",,,,,"Frazier Park, California",,,,,"https://fraziermtnpride.org/","frazier.mtn.pride@gmail.com","unknown"
"California","Half Moon Bay","Coast Pride",0,0,0,0,0,0,0,0,0,0,1,1,0,"X",,,,,,,"711 Main St
 Half Moon Bay, CA 94019",,,,,"https://coastpride.org/","contact@coastpride.org","650-479-1902"
"California","Lancaster","The OUTreach Center - Antelope Valley",0,0,0,0,0,0,0,0,0,0,1,1,0,"X",,,,,,," 44845 Cedar Ave
Lancaster, CA 93534 ",,,,,"http://www.outreachcenterav.org/index.html","info@outreachcenterav.org","661-927-7433"
"California","Long Beach","The LGBTQ Center Long Beach",1,0,1,0,0,1,1,0,1,1,1,1,0,"X",,,,,,,"2017 East 4th St
Long Beach, California 90814",,,,,"https://www.centerlb.org/","info@centerlb.org","562-434-4455"
"California","Los Angeles","Latino Equality Alliance",1,1,0,0,1,0,0,0,0,0,1,1,0,"X",,,,,,,"553 S. Clarence St
Los Angeles, CA 90033",,,,,"https://www.somoslea.org/","info@somoslea.org","323-286-7224"
"California","Statewide","Rainbow Labs",1,0,0,0,0,0,0,0,0,0,1,1,0,,"X",,,,,,"California",,,,,"https://www.rainbowlabs.org/","info@rainbowlabs.org","213-302-8293"
"California","Merced","Central Valley Pride",1,0,0,0,0,0,0,0,0,0,1,1,0,"X",,,,,,,"645 West Main St
Merced, California 95340",,,,,"https://centralvalleypride.org/","unknown","
209-353-1518"
"California","Modesto","MO Pride",1,1,0,0,1,0,0,0,0,0,1,1,0,"X",,,,,,,"400 12th St Suite #2
Modesto, CA 95354",,,,,"https://centralvalleypridecenter.org/","unknown","209-567-2124"
"California","Modesto","Youth Navigation Center of Stanislaus",0,0,1,0,1,1,0,0,0,1,1,1,0,,"X",,,,,,"2008 W. Briggsmore Ave
Modesto, CA 95350",,,,,"https://www.yncstanislaus.org/","info@yncstanislaus.org","209-526-1441"
"California","Arvin","California Rural Legal Assistance: Arvin",0,0,0,0,0,0,0,0,1,0,0,0,0,,,,"X",,,,"141 N A St Suite D
Arvin, CA 93203",,,,,"https://crla.org/programs/lgbtq#:~:text=If%20you%20are%20in%20need,other%20languages%20at%20no%20charge.","gbtq@crla.org","661-854-3839"
"California","Coachella","California Rural Legal Assistance: Coachella",0,0,0,0,0,0,0,0,1,0,0,0,0,,,,"X",,,,"1460 6th St
Coachella, CA 92236",,,,,"https://crla.org/programs/lgbtq#:~:text=If%20you%20are%20in%20need,other%20languages%20at%20no%20charge.","gbtq@crla.org","760-398-7261"
"California","Delano","California Rural Legal Assistance: Delano",0,0,0,0,0,0,0,0,1,0,0,0,0,,,,"X",,,,"601 High St Suite C
Delano, CA 93215",,,,,"https://crla.org/programs/lgbtq#:~:text=If%20you%20are%20in%20need,other%20languages%20at%20no%20charge.","gbtq@crla.org","661-725-4350"
"California","El Centro","California Rural Legal Assistance: El Centro",0,0,0,0,0,0,0,0,1,0,0,0,0,,,,"X",,,,"449 Broadway St
El Centro, CA 92243",,,,,"https://crla.org/programs/lgbtq#:~:text=If%20you%20are%20in%20need,other%20languages%20at%20no%20charge.","gbtq@crla.org","760-353-0220"
"California","Fresno","California Rural Legal Assistance: Fresno",0,0,0,0,0,0,0,0,1,0,0,0,0,,,,"X",,,,"3747 E Shields Ave
Fresno, CA 93726",,,,,"https://crla.org/programs/lgbtq#:~:text=If%20you%20are%20in%20need,other%20languages%20at%20no%20charge.","gbtq@crla.org","559-441-8721"
"California","Madera","California Rural Legal Assistance: Madera",0,0,0,0,0,0,0,0,1,0,0,0,0,,,,"X",,,,"126 North B St
Madera, CA 93638",,,,,"https://crla.org/programs/lgbtq#:~:text=If%20you%20are%20in%20need,other%20languages%20at%20no%20charge.","gbtq@crla.org","559-674-5671"
"California","Marysville","California Rural Legal Assistance: Marysville",0,0,0,0,0,0,0,0,1,0,0,0,0,,,,"X",,,,"511 D St
Marysville, CA 95901",,,,,"https://crla.org/programs/lgbtq#:~:text=If%20you%20are%20in%20need,other%20languages%20at%20no%20charge.","gbtq@crla.org","530-742-5191"
"California","Modesto","California Rural Legal Assistance: Modesto",0,0,0,0,0,0,0,0,1,0,0,0,0,,,,"X",,,,"1020 15th St Suite 20
Modesto, CA 95354",,,,,"https://crla.org/programs/lgbtq#:~:text=If%20you%20are%20in%20need,other%20languages%20at%20no%20charge.","gbtq@crla.org","209-577-3811"
"California","Oxnard","California Rural Legal Assistance: Oxnard",0,0,0,0,0,0,0,0,1,0,0,0,0,,,,"X",,,,"338 South A St
Oxnard, CA 93030",,,,,"https://crla.org/programs/lgbtq#:~:text=If%20you%20are%20in%20need,other%20languages%20at%20no%20charge.","gbtq@crla.org","805-486-1068"
"California","Salinas","California Rural Legal Assistance: Salinas",0,0,0,0,0,0,0,0,1,0,0,0,0,,,,"X",,,,"3 Williams Rd
Salinas, CA 93905",,,,,"https://crla.org/programs/lgbtq#:~:text=If%20you%20are%20in%20need,other%20languages%20at%20no%20charge.","gbtq@crla.org","831-757-5221"
"California","San Luis Obispo","California Rural Legal Assistance: San Luis Obispo",0,0,0,0,0,0,0,0,1,0,0,0,0,,,,"X",,,,"1880 Santa Barbara Ave Suite 240
San Luis Obispo, CA 93401",,,,,"https://crla.org/programs/lgbtq#:~:text=If%20you%20are%20in%20need,other%20languages%20at%20no%20charge.","gbtq@crla.org","805-544-7994"
"California","Santa Maria","California Rural Legal Assistance: Santa Maria",0,0,0,0,0,0,0,0,1,0,0,0,0,,,,"X",,,,"2050 S Broadway Suite G
Santa Maria, CA 93454",,,,,"https://crla.org/programs/lgbtq#:~:text=If%20you%20are%20in%20need,other%20languages%20at%20no%20charge.","gbtq@crla.org","805-922-4564"
"California","Santa Rosa","California Rural Legal Assistance: Santa Rosa",0,0,0,0,0,0,0,0,1,0,0,0,0,,,,"X",,,,"1160 N Dutton Ave Suite 105
Santa Rosa, CA 95401",,,,,"https://crla.org/programs/lgbtq#:~:text=If%20you%20are%20in%20need,other%20languages%20at%20no%20charge.","gbtq@crla.org","707-528-9941"
"California","Stockton","California Rural Legal Assistance: Stockton",0,0,0,0,0,0,0,0,1,0,0,0,0,,,,"X",,,,"145 E Weber Ave
Stockton, CA 95202",,,,,"https://crla.org/programs/lgbtq#:~:text=If%20you%20are%20in%20need,other%20languages%20at%20no%20charge.","gbtq@crla.org","209-946-0605"
"California","Vista","California Rural Legal Assistance: Vista",0,0,0,0,0,0,0,0,1,0,0,0,0,,,,"X",,,,"640 Civic Center Dr #108
Vista, CA 92084",,,,,"https://crla.org/programs/lgbtq#:~:text=If%20you%20are%20in%20need,other%20languages%20at%20no%20charge.","gbtq@crla.org","760-966-0511"
"California","Watsonville","California Rural Legal Assistance: Watsonville",0,0,0,0,0,0,0,0,1,0,0,0,0,,,,"X",,,,"21 Carr St
Watsonville, CA 95076",,,,,"https://crla.org/programs/lgbtq#:~:text=If%20you%20are%20in%20need,other%20languages%20at%20no%20charge.","gbtq@crla.org","831-724-2253"
"California","Oakland","California Rural Legal Assistance: Oakland",0,0,0,0,0,0,0,0,1,0,0,0,0,,,,"X",,,,"1430 Franklin St Ste 103
Oakland, CA 94612",,,,,"https://crla.org/programs/lgbtq#:~:text=If%20you%20are%20in%20need,other%20languages%20at%20no%20charge.","gbtq@crla.org","510-267-0762"
"California","Fremont","Lavender Seniors of the East Bay",1,0,0,0,0,0,0,0,0,0,1,0,0,"X",,,,,,,"3300 Capitol Ave
Fremont, CA 94538",,,,,"https://lavenderseniors.org/","info@lavenderseniors.org","510-736-5428"
"California","Oakland","Oakland LGBTQ Community Center/Glenn Burke Clinic",1,0,1,0,1,1,1,0,1,1,1,1,1,"X",,,,,,,"3207 Lakeshore Ave
(Entrance on Rand Ave)
Oakland, CA 94610",,,,,"https://www.oaklandlgbtqcenter.org/","
kayla@oaklandlgbtqcenter.org","510-882-2286"
"California","Oakland","East Bay Queer Arts Center",1,0,0,0,0,0,0,0,0,0,1,0,0,"X",,,,,,,"3411 Lakeshore Ave
Oakland, CA 94610",,,,,"https://www.queerartscenter.com/home","ourkinfolkz@gmail.com","510-239-7197"
"California","Oceanside","North County LGBTQ Resource Center",1,1,1,1,1,1,1,0,1,1,1,1,0,"X",,,,,,,"3220 Mission Ave Suite #2
Oceanside, CA 92058",,,,,"https://www.ncresourcecenter.org/","info@ncresourcecenter.org","(760) 994-1690"
"California","Palm Springs Area
Some Services Statewide","QueerWorks",1,0,1,0,0,1,0,1,0,1,0,0,0,,,"X",,,,,"Palm Springs, California",,,,,"https://www.queerworks.org/","please contact via web form on site:
https://www.queerworks.org/new-page","760-296-2148"
"California","Pomona","Pomona Pride Center, Inc",0,1,1,0,1,0,0,0,0,0,1,1,0,"X",,,,,,,"386 South Thomas St
Pomona, CA 91766",,,,,"https://www.pomonapridecenter.org/","info@pomonapridecenter.org","909-326-0482"
"California","Redding","NorCal OUTreach Project",1,0,0,0,1,0,1,0,1,1,1,1,0,"X",,,,,,,"2042 Market Street
Redding, California 96001",,,,,"https://norcaloutreach.org/","unknown","530-949-6267"
"California","Sacramento","Sacramento LGBT Community Center",1,0,0,0,0,1,0,0,1,1,1,1,0,"X",,,,,,,"1015 20th St
Sacramento, CA 95811",,,,,"https://saccenter.org/","info@saccenter.org","916-442-0185"
"California","Sacramento","Marsha P Johnson Center",1,0,0,0,0,0,1,0,0,1,1,1,0,"X",,,,,,,"7725 Stockton Blvd, Ste O
Sacramento, CA 95823",,,,,"https://saccenter.org/MarshaPJohnson","info@saccenter.org","916-442-1120"
"California","Sacramento","Q-Spot Drop-In Center",1,1,1,0,1,1,1,1,1,1,1,1,0,,"X",,,,,,"1015 20th St
Sacramento, CA 95811",,,,,"https://saccenter.org/youth","youth@saccenter.org ","916-442-0185 ext. 107"
"California","San Bernadino","Rainbow Pride Youth Alliance",1,1,0,0,0,0,0,0,0,0,1,1,0,,"X",,,,,,"3041 North Sierra Way
San Bernardino, California 92405",,,,,"https://rainbowprideyouthalliance.org/","unknown","909-206-4830"
"California","Statewide","Trans Family Support Services: California",1,0,0,0,0,0,1,0,1,0,1,1,0,,"X",,,,,,"California",,,,,"https://transfamilysos.org/","info@transfamilysos.org","858-304-0085"
"California","San Francisco","LYRIC Center for LGBTQ+ Youth",1,1,1,0,0,1,1,0,1,0,1,1,0,,"X",,,,,,"127 Collingwood St
San Francisco, CA 94114",,,,,"https://lyric.org/","lyricinfo@lyric.org","415-703-6150 Ext 100"
"California","San Francisco","Dimensions Clinic",0,0,0,0,0,0,1,0,0,1,0,1,0,,"X",,,,,,"3850 17th St
San Francisco, CA 94114",,,,,"http://www.dimensionsclinic.org/","dimensions.clinic@sfdph.org","628-217-5700"
"California","San Francisco, Oakland,
San Mateo, San Ramon","UCSF Child and Adolescent Gender Center",1,0,0,0,0,0,1,0,1,1,1,1,0,,"X",,,,,,"Multiple addresses",,,,,"https://www.ucsfbenioffchildrens.org/clinics/child-and-adolescent-gender-center","unknown","415-885-7770"
"California","San Francisco, Oakland,
San Mateo, San Ramon","UCSF Child and Adolescent Gender Center",1,0,0,0,0,0,1,0,1,1,1,1,0,,"X",,,,,,"Multiple addresses",,,,,"https://www.ucsfbenioffchildrens.org/clinics/child-and-adolescent-gender-center","unknown","415-885-7770"
"California","San Francisco, Oakland,
San Mateo, San Ramon","UCSF Child and Adolescent Gender Center",1,0,0,0,0,0,1,0,1,1,1,1,0,,"X",,,,,,"Multiple addresses",,,,,"https://www.ucsfbenioffchildrens.org/clinics/child-and-adolescent-gender-center","unknown","415-885-7770"
"California","San Francisco, Oakland,
San Mateo, San Ramon","UCSF Child and Adolescent Gender Center",1,0,0,0,0,0,1,0,1,1,1,1,0,,"X",,,,,,"Multiple addresses",,,,,"https://www.ucsfbenioffchildrens.org/clinics/child-and-adolescent-gender-center","unknown","415-885-7770"
"California","San Francisco","UCSF Gender Affirming Health Program",0,0,0,0,0,0,1,0,0,0,0,0,0,,,,,"X",,,"1725 Montgomery St
Suite 250, San Francisco, CA 94111",,,,,"https://www.ucsfhealth.org/clinics/gender-affirming-health-program?_ga=2.135768049.1326281007.1680123949-1301646625.1680123949&_gl=1*8kkobi*_ga*MTMwMTY0NjYyNS4xNjgwMTIzOTQ5*_ga_6342EFQ19Y*MTY4MDEyMzk0OS4xLjEuMTY4MDEyNDY2Ni4wLjAuMA..*_ga_6M0C66SSHL*MTY4MDEyMzk0OS4xLjEuMTY4MDEyNDY2Ni4wLjAuMA..","referral.center@ucsf.edu","415-885-7770"
"California","San Franscisco","Our Family Coalition",1,0,0,0,0,0,0,0,0,0,1,1,0,,"X",,,,,,"1385 Mission St, Suite 330
San Francisco, CA 94103",,,,,"https://ourfamily.org/","info@ourfamily.org","415-981-1960"
"California","San Jose","Billy DeFrank LGBTQ+ Center",1,0,1,0,0,0,1,0,0,0,1,1,0,"X",,,,,,,"938 The Alameda
San Jose, CA 95126",,,,,"https://www.defrankcenter.org/","Fabulous@defrank.org
info@defrank.org
","408-293-3040"
"California","San Luis Obispo","Gala Pride and Diversity Center",1,0,0,0,0,0,0,0,0,0,1,1,0,"X",,,,,,,"1060 Palm St
San Luis Obispo, CA 93401",,,,,"https://galacc.org/","email@ccgala.org (may be defunct)","805-541-4252"
"California","San Mateo","San Mateo County Pride Center",1,1,1,0,0,1,1,1,1,1,1,1,0,"X",,,,,,,"1021 S El Camino Real
San Mateo, CA 94402",,,,,"https://sanmateopride.org/","info@sanmateopride.org","650-591-0133"
"California","Santa Ana","LGBT Center Orange County",1,0,1,0,0,1,1,0,1,1,1,1,0,"X",,,,,,,"1605 N Spurgeon St
Santa Ana, CA 92701",,,,,"https://www.lgbtqcenteroc.org/","info@lgbtqcenteroc.org","714-953-5428"
"California","Santa Barbara","Pacific Pride Foundation",1,0,0,0,0,0,1,0,0,1,1,1,0,"X",,,,,,,"608 Anacapa St Suite A
Santa Barbara, CA 93101",,,,,"https://pacificpridefoundation.org/","hello@pacificpridefoundation.org","805-963-3636"
"California","Santa Barbara","Santa Barbara Trans Advocacy Network",1,0,0,0,0,0,1,0,0,0,1,1,0,,,"X",,,,,"Santa Barbara, California",,,,,"https://www.sbtan.org/","info@sbtan.org","unknown"
"California","Santa Cruz","The Diversity Center: Santa Cruz LGBT Community Center",1,0,0,0,0,0,0,0,0,0,1,1,0,"X",,,,,,,"1117 Soquel Ave
Santa Cruz, CA 95062",,,,,"https://www.diversitycenter.org/","info@diversitycenter.org","831-425-5422"
"California","Santa Rosa","Positive Images",1,0,0,0,0,0,0,0,0,0,1,1,0,"X",,,,,,,"200 Montgomery Dr Suite C
Santa Rosa, CA 95404",,,,,"https://www.posimages.org/","info@posimages.org","707-568-5830"
"California","Torrance","South Bay LGBTQ Center",0,0,0,0,0,0,0,0,0,0,1,1,0,"X",,,,,,,"16610 Crenshaw Blvd
Torrance, CA 90504",,,,,"https://southbaycenter.wixsite.com/southbaylgbtcenter","southbaylgbtcenter@gmail.com","310-328-6550"
"California","Ventura","Diversity Collective",1,0,0,0,0,0,1,0,0,0,1,1,0,"X",,,,,,,"2471 Portola Rd Suite 100
Ventura, CA 93003",,,,,"https://www.diversitycollectivevc.org/","info@diversitycollective.org","805-644-5428"
"California","Visalia","The Source LGBT+ Center",1,1,0,0,1,0,1,0,0,1,1,1,0,"X",,,,,,,"109 NW 2nd Ave
Visalia, CA 93291",,,,,"https://www.thesourcelgbt.org/","info@thesourcelgbt.org","559-429-4277"
"Colorado","Avon","Mountain Pride",1,0,0,0,0,0,0,0,0,0,1,1,0,"X",,,,,,,"110 E Beaver Creek Blvd
306 Suite 5
Avon, Colorado 81620",,,,,"https://www.mountainpride.org/","madison@mountainpride.org","970-510-0276"
"Colorado","Boulder","Out Boulder County",1,0,1,1,1,1,1,0,1,1,1,1,0,"X",,,,,,,"3340 Mitchell Ln
Boulder, CO 80301",,,,,"https://www.outboulder.org/","info@outboulder.org","303-499-5777"
"Colorado","Denver","Queer Asterisk Therapeutic Services",1,0,0,0,0,0,0,0,0,1,1,1,0,,,,,"X",,,"1575 Franklin St
Denver, CO 80218",,,,,"https://queerasterisk.com/","info@queerasterisk.com","720-507-6161"
"Colorado","Colorado Springs","Inside Out Youth Services",1,0,0,0,0,0,0,0,0,0,1,1,0,,"X",,,,,,"223 N. Wahsatch Ave Ste 101
Colorado Springs, CO 80903",,,,,"https://insideoutys.org/","unknown, contact info blackout since CO springs shooting","719-328-1056 
(from centerlink, please verify)"
"Colorado","Statewide","Transformative Freedom Fund (for trans healthcare)",0,0,0,1,0,0,0,0,0,0,0,0,0,,,"X",,,,,"Colorado",,,,,"https://transformativefreedomfund.org/","unknown, use site contact form to contact","unknown"
"Colorado","Denver","The Center on Colfax",1,0,1,0,0,0,0,0,1,0,1,1,0,"X",,,,,,,"1301 E. Colfax Ave
Denver, CO 80218",,,,,"https://lgbtqcolorado.org/","info@lgbtqcolorado.org","303-733-7743"
"Colorado","Durango","Four Corners Rainbow Youth Center",1,0,0,0,0,0,0,0,0,0,1,1,0,,"X",,,,,,"Durango, Colorado",,,,,"http://www.rainbowyouthcenter.org/","info@rainbowyouthcenter.org","970-903-8595"
"Connecticut","New Haven","New Haven Pride Center",1,1,1,1,1,1,1,1,1,1,1,1,0,"X",,,,,,,"84 Orange St
New Haven, CT 06510",,,,,"https://www.newhavenpridecenter.org/","info@newhavenpridecenter.org","203-387-2252"
"Connecticut","Norwalk","Triangle Community Center",1,0,1,0,0,1,1,1,1,1,1,1,0,"X",,,,,,,"650 West Ave
Norwalk, CT 06850",,,,,"https://ctpridecenter.org/","tcc@ctpridecenter.org","203-853-0600"
"Delaware","Rehoboth Beach","CAMP Rehoboth Community Center",1,0,0,0,0,0,1,0,0,0,1,1,0,"X",,,,,,,"37 Baltimore Avenue
Rehoboth Beach, DE 19971",,,,,"https://www.camprehoboth.com/","info@camprehoboth.com","302-227-5620"
"District of Columbia","District of Columbia","Rainbow Families",1,0,0,0,0,0,0,0,0,0,1,1,0,"X",,,,,,,"5614 Connecticut Ave NW #309
Washington DC 20015-2604",,,,,"https://rainbowfamilies.org/","info@rainbowfamilies.org","202-845-6913"
"District of Columbia","District of Columbia","SYMAL",1,0,1,1,1,1,1,1,1,1,1,1,0,,"X",,,,,,"410 7th Street SE,
Washington, DC 20003",,,,,"https://smyal.org/","supporterinfo@smyal.org","202-546-5940"
"District of Columbia","District of Columbia","The DC Center for the LGBT Community",1,1,1,0,0,0,1,0,0,1,1,1,0,"X",,,,,,,"2000 14th Street NW Suite 105
Washington, DC 20009",,,,,"https://thedccenter.org/","supportdesk@thedccenter.org","202-682-2245"
"Florida","Statewide","PRISM",1,0,0,0,0,0,1,0,0,0,1,1,0,,,"X",,,,,"Florida",,,,,"https://www.prismfl.org/","info@prismfl.org","561-291-9207"
"Florida","Fort Lauderdale","High Impacto",1,0,0,0,0,0,1,0,0,0,0,0,0,,,,,"X",,,"1001 W. Cypress Creek Rd Suite 308
Fort Lauderdale, FL 33309",,,,,"https://highimpacto.org/","info@highimpacto.org","954-947-3603"
"Florida","Fort Myers","Visuality LGBT Community Center",1,0,0,1,0,0,0,0,0,0,1,1,0,,,"X",,,,,"Fort Myers, Florida",,,,,"https://www.visualityswfl.org/","visualityfloridainc@gmail.com","239-898-6124"
"Florida","Gainesville","Pride Community Center of North Central Florida",1,0,0,0,1,0,1,0,0,0,1,1,0,"X",,,,,,,"3131 NW 13th St
 Gainesville, FL 32609",,,,,"https://gainesvillepride.org/","pccncf@gainesvillepride.org","352-377- 8915"
"Florida","Jacksonville","JASMYN - Jacksonville Area Sexual Minority Youth Network",1,0,1,0,1,1,1,1,0,1,1,1,1,,"X",,,,,,"923 Peninsular Pl
 Jacksonville, FL 32204",,,,,"https://www.jasmyn.org/","unknown","904-389-3857"
"Florida","Orlando","The Center: Orlando",1,1,1,1,1,1,1,1,1,1,1,1,0,"X",,,,,,,"942 N Mills Ave
Orlando, FL 32803",,,,,"https://thecenterorlando.org/","info@TheCenterOrlando.org","407-228-8272"
"Florida","Kissimmee","The Center: Kissimmee",1,1,1,1,1,1,0,1,1,1,1,1,0,"X",,,,,,,"17 W. Monument Ave
Kissimmee FL 34741",,,,,"https://thecenterorlando.org/","info@TheCenterOrlando.org","407-228-8272 Ext 1014"
"Florida","Lake Worth","Compass LGBTQ Community Center",1,0,0,0,0,0,1,0,0,1,1,1,0,"X",,,,,,,"201 N. Dixie Hwy
Lake Worth Beach, FL 33460",,,,,"https://compassglcc.com/","compass@compassglcc.com","561-533-9699 "
"Florida","Miami","Pridelines Miami",1,1,1,0,1,1,1,1,0,1,1,1,1,"X",,,,,,,"6360 NE 4th Ct
Miami, FL 33138",,,,,"https://pridelines.org/","info@pridelines.org","305-571-9601"
"Florida","Miami Beach","Pridelines @ The LGBTQ Visitor Center",1,1,1,0,1,1,1,1,0,1,1,1,1,"X",,,,,,,"1130 Washington Ave 1st Floor North
Miami Beach, FL 33139",,,,,"https://pridelines.org/","info@pridelines.org","305-571-9601"
"Florida","Naples","Naples Pride Center",1,0,1,0,0,1,1,0,1,1,1,1,0,"X",,,,,,,"2248 Airport Rd S
Naples, FL 34112",,,,,"https://www.naplespride.org/","info@naplespride.org","239-304-9407"
"Florida","Naples","Sage House Naples",0,1,0,0,1,1,0,1,0,0,0,0,1,,"X",,,,,,"Naples, Florida",,,,,"https://sagehousenaples.org/ (Website currently broken)","info@sagehousenaples.org","239-682-8500"
"Florida","New Port Richie","Metro Inclusive Health: New Port Richey",1,0,1,1,1,1,1,0,0,1,1,1,0,,,,,"X",,,"4747 US-19
New Port Richey, FL 34652",,,,,"https://www.metrotampabay.org/about/locations/new-port-richey/","info@metrotampabay.org","727-494-7625"
"Florida","Clearwater","Metro Inclusive Health: Clearwater",1,0,1,1,1,1,1,0,0,1,1,1,0,,,,,"X",,,"18167 US Highway 19 North Suite 150
Clearwater, FL 33764",,,,,"https://www.metrotampabay.org/about/locations/clearwater/","info@metrotampabay.org","727-220-0550"
"Florida","St. Petersburg","Metro Inclusive Health: St. Petersburg",1,0,1,1,1,1,1,0,1,1,1,1,0,,,,,"X",,,"3251 3rd Ave N
St. Petersburg, FL 33713",,,,,"https://www.metrotampabay.org/about/locations/st-petersburg/","info@metrotampabay.org","727-321-3854"
"Florida","Tampa","Metro Inclusive Health: Tampa",1,0,1,1,1,1,1,0,0,1,1,1,0,,,,,"X",,,"2105 N Nebraska Ave
Tampa, FL 33602",,,,,"https://www.metrotampabay.org/about/locations/tampa-ybor/","info@metrotampabay.org","813-232-3808"
"Florida","Orlando","Orlando Youth Alliance",1,0,0,1,0,0,0,0,0,1,1,1,0,,"X",,,,,,"Orlando, Florida",,,,,"https://orlandoyouthalliance.org/","info@orlandoyouthalliance.org","407-244-1222"
"Florida","Sanford","Seminole Youth Alliance",1,0,0,1,0,0,0,0,0,1,1,1,0,,"X",,,,,,"Sanford, Florida",,,,,"https://seminoleyouthalliance.org/","info@orlandoyouthalliance.org","407-244-1222"
"Florida","Lakeland","Lakeland Youth Alliance",1,0,0,1,0,0,0,0,0,1,1,1,0,,"X",,,,,,"Lakeland, Florida",,,,,"https://lakelandyouthalliance.org/","info@orlandoyouthalliance.org","407-244-1222"
"Florida","Kissimmee","Osceola Youth Alliance",1,0,0,1,0,0,0,0,0,1,1,1,0,,"X",,,,,,"Kissimmee, Florida",,,,,"https://osceolayouthalliance.org/","info@orlandoyouthalliance.org","407-244-1222"
"Florida","Orlando","Zebra Coalition",1,0,1,1,1,1,0,1,0,1,1,1,0,,"X",,,,,,"911 N Mills Ave
Orlando, FL 32803",,,,,"https://zebrayouth.org/","info@zebrayouth.org","407-228-1446"
"Florida","Panama City","Gulf Coast LGBTQ Center",1,0,0,0,1,0,0,0,0,0,1,1,0,"X",,,,,,,"1608 Baker Ct
Panama City, FL 32401",,,,,"https://gulfcoastlgbtqcenter.org/","info@gulfcoastlgbtqcenter.org","850-640-0196"
"Florida","Port Charlotte","ARAY: All Rainbow and Allied Youth",1,1,0,0,0,0,1,1,0,1,1,1,0,,"X",,,,,,"Port Charlotte, Florida",,,,,"https://www.allrainbowandalliedyouth.org/","info@allrainbowandalliedyouth.org","941-777-5052"
"Florida","Stuart","Sanctuary LGBTQ Community Center",1,0,0,0,0,0,0,0,0,0,1,0,0,"X",,,,,,,"21 SE Central Pkwy
Stuart, FL 34994-5907",,,,,"https://www.sanctuaryoftreasurecoast.org/","thesanctuaryofthetreasurecoast@gmail.com","none"
"Florida","Sarasota","Also Youth: Sarasota",1,0,0,1,0,1,0,0,0,1,1,1,0,,"X",,,,,,"1470 Boulevard of the Arts
Sarasota, FL 34236",,,,,"https://www.alsoyouth.org/","info@alsoyouth.org","unknown"
"Florida","Brandenton","Also Youth: Manatee",1,0,0,1,0,1,0,0,0,1,1,1,0,,"X",,,,,,"351 6th Avenue West
Brandenton, FL 34205",,,,,"https://www.alsoyouth.org//","info@alsoyouth.org","unknown"
"Florida","Sarasota","Project Pride Inc",1,0,0,1,1,0,0,0,0,0,1,1,0,,,"X",,,,,"Sarasota, Florida",,,,,"https://www.ppsrq.org/","admin@ppsrq.org","unknown"
"Florida","Tallahassee","LGBTQ Support and Social Groups: Florida",1,0,0,0,0,0,0,0,0,0,1,1,0,"X",,,,,,,"4228 Oak Run Lane
Tallahassee, Florida 32317",,,,,"https://lgbtqsupportandsocialgroupusa.square.site/florida","unknown","908-310-8889"
"Florida","Venice","Venice Pride Inc",1,0,0,1,0,0,0,0,0,0,1,0,0,"X",,,,,,,"4107 S Tamiami Trail PMB 130
Venice, FL 34293-5109
(may be only mailing address)",,,,,"https://www.veniceflpride.com/","info@veniceFLpride.com","941-271-0818"
"Florida","Wilton Manors","Pride Center at Equality Park",0,0,0,0,0,1,0,0,0,0,1,0,0,"X",,,,,,,"2040 N. Dixie Hwy
Wilton Manors, FL 33305",,,,,,"unknown","954-463-9005"
"Florida","Fort Lauderdale","SunServe",1,0,1,1,0,1,1,0,1,1,1,1,0,"X",,,,,,,"1480 SW 9th Ave
Fort Lauderdale, FL 33315",,,,,"https://www.sunserve.org/","info@sunserve.org","954-764-5150"
"Florida","Wilton Manors","Transinclusive Group",0,0,1,1,0,1,1,0,1,0,1,0,0,"X",,,,,,,"2038 N. Dixie Hwy, 104B
Wilton Manors, FL 33305",,,,,"https://www.transinclusivegroup.org/","info@transinclusivegroup.org","954-903-1297"
"Florida","Cape Coral","PRIDE Cape Coral",0,0,0,0,0,0,0,0,0,0,1,0,0,"X",,,,,,,"909 SE 47th Terrace Unit 105
Cape Coral, FL 33904",,,,,"https://www.pridecapecoral.com/","info@pridecapecoral.com","239-900-4028"
"Florida","Southwest Florida","Rainbowpages Safe Business Directory",0,0,0,0,0,0,0,0,0,0,0,0,0,,,"X",,,,,"Florida",,,,,"https://rainbowpagesswfl.com/","info@rainbowpagesswfl.com","239-234-2420"
"Georgia","Atlanta","I am Human Foundation",1,1,1,0,1,0,0,0,1,0,1,1,1,,,,,,,,"1419 Mayson St NE
Atlanta Ga 30324",,,,,"https://iamhumanfoundation.org/","info@iamhumanfoundation.org","678-365-9912"
"Georgia","Atlanta","SOJOURN: Southern Jewish Resource Network for 
Gender and Sexual Diversity",1,0,0,0,0,0,0,0,0,0,1,1,0,"X",,,,,,,"1530 Dekalb Ave Suite A
Atlanta, GA, 30307",,,,,"https://sojourngsd.org/","info@sojourngsd.org","404-275-4637"
"Georgia","Atlanta","The Atlanta Pride Committee",1,0,0,0,0,0,0,0,0,0,1,1,0,"X",,,,,,,"1530 DeKalb Ave NE, Suite A
Atlanta GA 30307",,,,,"https://www.atlantapride.org/","info@atlantapride.org","404-382-7588"
"Georgia","Savannah","First City Pride Center",1,1,0,0,0,0,0,0,0,1,1,1,0,"X",,,,,,,"1515 Bull St
Savannah GA 31401",,,,,"https://www.firstcitypridecenter.org/","unknown","912-304-5428"
"Idaho","Pocatello","All Under One Roof LGBT Center",1,0,0,1,0,0,1,0,0,1,1,1,0,"X",,,,,,,"234 North Main Street
Pocatello, ID 83201",,,,,"http://www.allunderoneroof.org/pageone.html","AUOR@allunderoneroof.org","1-208-251-1661"
"Illinois","Chicago","Center on Halsted",1,0,1,0,0,0,1,0,1,1,1,1,0,"X",,,,,,,"3656 N Halsted
Chicago, IL 60613",,,,,"https://www.centeronhalsted.org/C&C.html","mail@centeronhalsted.org","773-472-6469"
"Illinois","Chicago","Howard Brown Health",0,0,0,0,0,1,1,0,0,1,0,1,0,,,,,"X",,,"Multiple Locations
https://howardbrown.org/locations/",,,,,"https://howardbrown.org/service/broadway-youth-center/","DejaD@howardbrown.org
 ESheldon@howardbrown.org","773-388-1600"
"Illinois","Chicago","Ignite Community Resource Hub",0,0,1,0,0,1,0,0,0,1,0,1,0,,"X",,,,,,"56 E 47th St Ste 410-C
Chicago, IL 60653",,,,,"https://www.ignitepromise.org/locations","info@ignitepromise.org","773-891-2505"
"Illinois","Champaign","Uniting Pride of Champaign County",1,1,0,0,1,0,0,0,0,0,1,1,0,"X",,,,,,,"​1001 S Wright St.
Champaign, IL 61820",,,,,"https://www.unitingpride.org/","info@unitingpride.org","unknown"
"Illinois","Chicago","Brave Space Alliance",1,1,1,1,1,1,0,1,0,0,1,0,0,"X",,,,,,,"1515 E 52nd Place 3rd Floor
Chicago, IL 60615",,,,,"https://bravespacealliance.org/","info@bravespacealliance.org  ","872-333-5199"
"Illinois","Chicago","Center on Cottage Grove",1,0,1,0,0,0,1,0,1,1,1,1,0,"X",,,,,,,"6323 S Cottage Grove Ave
Chicago, IL 60649",,,,,"https://www.centeronhalsted.org/cottagegrove.html","bakins@centeronhalsted.org.","773-472-6469"
"Illinois","Naperville","Naper Pride Inc",1,0,0,0,0,0,0,0,0,0,1,0,0,"X",,,,,,,"20 N Center St
Naperville, IL 60540",,,,,"https://naperpride.org/","Hello@Naper-Pride.org","unknown"
"Illinois","Naperville","Youth Outlook",1,0,0,0,0,0,0,0,0,1,1,1,0,,"X",,,,,,"Main Address: 1828 Old Naperville Rd
Naperville, IL 60563
Multiple Drop-In Locations in Chicago
https://youth-outlook.org/services/drop-in-centers/",,,,,"https://youth-outlook.org/","info@youth-outlook.org","815-754-5331"
"Illinois","Rock Island","Clock, Inc",1,1,0,0,0,0,0,0,0,1,1,1,0,"X",,,,,,,"4102 46th Ave
Rock Island, IL 61201",,,,,,"info@clockinc.org","309-558-0956"
"Illinois","Rockford","The Liam Foundation",1,1,0,1,1,0,1,0,1,1,1,1,1,"X",,,,,,,"124 North Water St, Suite 303 A
Rockford, Illinois 61107",,,,,"https://theliamfoundation.org/","info@theliamfoundation.org","815-329-6977"
"Illinois","Springfield","The Phoenix Center",1,1,0,0,0,1,0,1,0,0,1,1,0,"X",,,,,,,"109 East Lawrence Ave
Springfield, IL 62704",,,,,,"jcool@phoenixcenterspringfield.org","217-528-5253"
"Illinois
 Indiana
 Kentucky","Evansville, IN","The Tri-State Alliance",1,0,0,0,0,0,0,0,0,0,1,1,0,"X",,,,,,,"501 John St Suite 5,
Evansville, IN 47713",,,,,"https://tsagl.org/index.html","3statealliance@gmail.com","812-480-0204"
"Indiana","Indianapolis","Gender Nexus, Inc",1,0,0,0,0,0,1,0,1,1,1,0,0,"X",,,,,,,"3733 N. Meridian St Suite 310
Indianapolis, IN 46208",,,,,"https://www.gendernexus.org/","Info@GenderNexus.org","317-650-5988"
"Indiana","Indianapolis","Indiana Youth Group",1,1,1,0,1,1,0,1,0,1,1,1,1,,"X",,,,,,"3733 N. Meridian St
Indianapolis, IN 46208",,,,,"https://www.indianayouthgroup.org/","unknown","317-541-8726"
"Indiana","Indianapolis","Eskenazi Health: Gender Health Services",0,0,0,0,0,0,1,0,0,0,0,0,0,,,,,,"X",,"Multiple Locations in Indianapolis
https://www.eskenazihealth.edu/locations",,,,,"https://www.eskenazihealth.edu/health-services/gender-health","unknown","317-880-6042"
"Indiana","Indianapolis","Riley Gender Health Program: Indianapolis",0,0,0,0,0,0,1,0,0,1,0,0,0,,,,,"X",,,"705 Riley Hospital Dr
Indianapolis, IN, 46202",,,,,"https://www.rileychildrens.org/contact-and-locations/riley-hospital-for-children-at-iu-health","unknown","317-274-8812"
"Indiana","Carmel","Riley Gender Health Program: Carmel",0,0,0,0,0,0,1,0,0,1,0,0,0,,,,,"X",,,"11700 N Meridian St
Carmel, IN, 46032",,,,,"https://www.rileychildrens.org/contact-and-locations/riley-childrens-health-at-iu-health-north","unknown","317-688-2000"
"Indiana","Muncie","Muncie OUTreach: LGBT Youth Group",1,0,0,0,1,0,0,0,0,0,1,1,0,,"X",,,,,,"310 E Charles St
Muncie, IN 47305",,,,,"https://muncieoutreach.org/","muncieoutreach@gmail.com","765-216-1437"
"Indiana","Bloomington","Bloomington Pride",1,0,0,0,0,0,1,0,0,0,1,0,0,"X",,,,,,,"Bloomington, Indiana",,,,,,"info@bloomingtonpride.org","unknown"
"Indiana","Lafayette","Pride Lafayette",1,0,0,0,0,0,0,0,0,0,1,0,0,"X",,,,,,,"640 Main St 
Lafayette, IN 47901 ",,,,,"http://www.pridelafayette.org/","pridelafayetteinc@gmail.com","765-423-7579"
"Indiana","Middlebury","Fort Wayne Pride",1,0,0,0,0,0,0,0,0,0,1,1,0,"X",,,,,,,"527 W Berry St
Middlebury, IN 46540
",,,,,"https://www.fwpride.org/","director@fwpride.org","unknown"
"Indiana","Statewide","Indiana Transgender Rights Advocacy Alliance
(intraa)",1,0,0,0,0,0,0,0,0,0,0,0,0,,,"X",,,,,"Indiana",,,,,"https://intraa.org/","info@intraa.org","unknown"
"Indiana","South Bend","The LGBTQ Center",1,1,1,0,1,0,1,1,1,1,1,1,0,"X",,,,,,,"251 E Sample St, Suite 10
South Bend, IN, 46601",,,,,"https://www.thelgbtqcenter.org/","info@thelgbtqcenter.org","574-234-1411"
"Indiana","South Bend","Transgender Resource, Education, and Enrichment Services
(TREES)",1,0,0,0,0,0,0,0,0,0,1,0,0,"X",,,,,,,"2043 South Bend Ave #255
South Bend, IN 46637",,,,,"http://www.webetrees.org/","info@webetrees.org","219-331-4665"
"Indiana","Spencer","Spencer Pride CommUnity Center",1,0,0,0,0,0,1,1,0,0,1,1,0,"X",,,,,,,"17 E. Franklin St 
Spencer, IN 47460",,,,,"https://spencerpride.org/","info@spencerpride.org","812-652-5000"
"Indiana","Terre Haute","Pride Center Terre Haute",1,1,0,0,0,0,1,1,1,0,1,1,1,"X",,,,,,,"630 Wabash Ave
 Terre Haute, IN 47807",,,,,"https://pridecenterterrehaute.org/","info@pridecenterterrehaute.org","812-244-1329"
"Kansas","Kansas City","Our Spot KC",1,0,0,0,1,1,0,1,0,0,0,0,0,"X",,,,,,,"500 N. 7th St. Trfy
Kansas City, Kansas 66101",,,,,"https://ourspotkc.org/","unknown","913-303-8664"
"Kansas","Manhattan","Kansas State University LGBT Resource Center",1,0,0,0,0,0,0,0,0,0,1,0,0,"X",,,,,,,"1101 Mid-Campus Dr 207 Holton Hall
Manhattan, KS 66506",,,,,"https://www.k-state.edu/lgbt/","lgbt@k-state.edu","785-532-5299"
"Kansas","Wichita","The Center of Wichita",1,0,0,0,0,0,0,0,0,0,1,1,0,"X",,,,,,,"800 N. Market
Wichita, KS 67214",,,,,"https://www.thecenterofwichita.org/","thecenterofwichita@gmail.com","316-285-0007"
"Kentucky","Lexington","Lexington Pride Center",1,0,1,0,1,1,1,0,0,1,1,1,0,"X",,,,,,,"389 Waller Ave Suite 100
 Lexington, KY 40504",,,,,"https://www.lexpridecenter.org/","burley@lexpridecenter.org","859-253-3233"
"Kentucky","Lexington","Nathaniel Mission",0,1,1,1,1,1,1,1,0,0,0,1,0,,,,,,,"X","1109 Versailles Rd #400
 Lexington, KY 40508
",,,,,"https://www.nathanielmission.com/","info@nathanielmission.com","859-255-0062"
"Kentucky","Louisville","Louisville Pride Foundation",1,0,0,0,0,0,0,0,0,0,1,0,0,"X",,,,,,,"1244 S 3rd St
Louisville, KY 40203
(from google)",,,,,"https://louprideky.org/","Info@LouisvillePride.com","502-528-4157"
"Kentucky","Louisville","Louisville Youth Group",1,0,0,0,0,0,0,0,0,0,1,1,0,,"X",,,,,,"417 East Broadway
Louisville, KY 40202",,,,,,"unknown","502-430-2016"
"Kentucky","Paducah","Heartland Equality",1,1,1,1,1,0,1,0,0,1,1,1,0,"X",,,,,,,"413 Broadway St,
Paducah, KY 42001",,,,,"http://www.heartlandequality.org/","use website contact form to get in touch","unknown"
"Maine","Portland","Equality Community Center",1,0,0,0,0,0,0,0,0,0,1,0,0,"X",,,,,,," 15 Casco St
Portland, ME 04101",,,,,"https://eccmaine.org/","info@eccmaine.org","207-613-9633"
"Maryland","Denton","Caroline Pride, LLC",1,0,0,0,0,0,0,0,0,0,1,1,0,"X",,,,,,,"114 Market St Suite 207
Denton, Maryland 21629",,,,,"https://carolinepride.com/","carolinecountypride@gmail.com","410-490-6216"
"Maryland","Easton","Delmarva Pride Center",0,0,0,0,0,0,0,0,0,0,1,0,0,"X",,,,,,,"Easton, Maryland",,,,,"https://www.delmarvapridecenter.com/#home","Board@DelmarvaPrideCenter.com","unknown"
"Maryland","Frederick","The Frederick Center",1,0,0,0,0,0,0,0,0,1,1,1,0,"X",,,,,,,"322 W Patrick Street
Frederick, MD 21701",,,,,"https://thefrederickcenter.org/","TFC@TheFrederickCenter.org","301-383-8787"
"Massachusetts","Boston","Boston Alliance of Gay, Lesbian, Bisexual & Transgender 
Youth (BAGLY)",1,0,0,0,1,1,1,0,0,1,1,1,0,,"X",,,,,,"28 Court Square
Boston, MA 02108",,,,,"https://www.bagly.org/","info@bagly.org","617-227-4313"
"Massachusetts","Framingham","OUT Metro West",1,0,0,0,0,0,0,0,0,0,1,1,0,,"X",,,,,,"160 Hollis Street
Framingham, MA 01702",,,,,"https://outmetrowest.org/","programs@outmetrowest.org","508-875-2122"
"Massachusetts","New Bedford","South Coast LGBTQ+ Network Inc",1,0,1,0,0,0,0,0,0,0,1,1,0,"X",,,,,,,"60 8th St 
New Bedford, MA 02740",,,,,"https://www.sclgbtqnetwork.org/","info@sclgbtqnetwork.com","774-775-2656"
"Massachusetts","Salem","North Shore Alliance of LGBTQ Youth (NAGLY)",1,1,1,0,1,0,1,0,0,0,1,1,0,,"X",,,,,,"Witch City Mall
2 East India Square, Suite 121
Salem, MA",,,,,"https://www.nagly.org/","James@nagly.org","978-224-2102"
"Massachusetts","Boston","GLASS (GLBTQ+ Adolescent Social Services) Boston",1,1,1,1,1,1,1,1,0,1,1,1,0,,"X",,,,,,"555 Amory St, Suite 2
 Boston MA 02130",,,,,"https://jri.org/services/health-and-housing/health/boston-glass","outreach@jri.org","617-659-2487"
"Massachusetts","Framingham","GLASS (GLBTQ+ Adolescent Social Services) Framingham",1,1,1,1,1,1,1,1,0,1,1,1,0,,"X",,,,,,"1 Grant St
 Framingham, MA 01702",,,,,"https://jri.org/services/health-and-housing/health/boston-glass","riseoutreach@jri.org","508-935-2960"
"Michigan","Grand Rapids","GR Trans Foundation",1,0,0,0,0,0,0,0,1,0,1,1,0,,,"X",,,,,"Grand Rapids, Michigan",,,,,"https://grtransfoundation.org/","info@GRTransFoundation.org","unknown"
"Michigan","Detroit","Ruth Ellis Center",1,1,1,1,1,1,1,1,1,1,1,1,0,"X",,,,,,,"77 Victor St 
Highland Park MI 48203",,,,,"https://www.ruthelliscenter.org/","info@ruthelliscenter.org","313-252-1950"
"Michigan","Lansing","SALUS Center",1,1,0,0,0,0,0,0,0,0,1,1,0,"X",,,,,,,"408 S. Washington Sq 
Lansing MI 48933",,,,,"https://www.saluscenter.org/","info@saluscenter.org","517-580-4593"
"Michigan","United States","Stand With Trans",1,0,0,0,0,0,0,0,0,1,1,1,0,"X",,,,,,,"23332 Farmington Rd. #84
 Farmington MI 48336",,,,,"https://standwithtrans.org/","info@standwithtrans.org","248-907-4853"
"Michigan","East Lansing","Trans-ilience The Transgender Stress and Resilience Research Team",1,0,0,0,0,0,0,0,0,1,1,0,0,,,"X",,,,,"East Lansing, Michigan",,,,,"https://www.trans-ilience.com/","contact form? ","unknown"
"Michigan","Detroit","Trans Sistas of Color Project",1,0,0,1,0,0,1,0,1,1,1,0,0,"X",,,,,,,"19641 W. 7 Mile Rd., Detroit MI 48219",,,,,"Facebook page, Twitter ","contact form? ","unknown"
"Michigan","Kalamazoo","Equality Michigan",1,1,1,1,1,1,1,1,1,1,1,1,1,"X",,,,,,,"19641 W Seven Mile Rd
 Detroit, MI 48219",,,,,"https://equalitymi.org/","communications@equalitymi.org","313-537-7000"
"Michigan","Hazel Park with offices throughout the state","Transgender Michigan",1,0,0,0,0,0,0,0,0,1,1,0,0,"X",,,,,,,"563 W 9 Mile Road #309 
Hazel Park MI 48030",,,,,"https://www.transgendermichigan.org/","info@transgendermichigan.org","855-345-TGMI (855-345-8464)"
"Michigan","Benton Harbor","OutCenter of Southwest Michigan",1,0,0,0,0,0,1,0,0,1,1,1,0,"X",,,,,,,"132 Water St
Benton Harbor, Michigan 49022",,,,,"https://www.outcenter.org/","unknown","(269) 934-5633"
"Michigan","Detroit
Ferndale","MiGen",1,0,0,0,0,0,0,0,1,0,1,0,0,"X",,,,,,,"multiple locations",,,,,"https://migenconnect.org/","unknown","313-241-8994"
"Michigan","Detroit","LGBT Detroit",1,0,0,0,0,0,1,0,0,0,0,1,0,"X",,,,,,,"20025 Greenfield Rd
Detroit, MI, 48235",,,,,"https://www.lgbtdetroit.org/","unknown","313-397-2127"
"Michigan","Ferndale","Affirmations",1,0,0,0,0,0,0,0,1,1,1,1,0,"X",,,,,,,"290 W Nine Mile Rd
 Ferndale, MI 48220",,,,,"https://goaffirmations.org/","info@goaffirmations.org","248-398-7105"
"Michigan","Ann Arbor","Jim Toy Community Center",1,0,0,1,0,0,1,0,1,1,1,0,0,,,"X",,,,,"Ann Arbor, Michigan",,,,,"https://www.jimtoycenter.org/","unknown","734-274-9551"
"Michigan","Grand Rapids","Grand Rapids Pride Center",1,0,0,0,1,1,1,0,0,1,1,1,0,"X",,,,,,,"343 Atlas Ave SE 
Grand Rapids, MI 49506",,,,,"https://grpride.org/","info@grpride.org","616-458-3511"
"Michigan","Holland","Out on the Lakeshore",1,0,0,0,0,0,0,0,0,0,1,0,0,"X",,,,,,,"451 Columbia Ave, Suite C
Holland, MI 49423",,,,,"https://www.outonthelakeshore.org/","info@outonthelakeshore.org","616-994-8090"
"Michigan","Jackson","Jackson Pride Center",1,0,0,0,0,0,0,0,0,0,1,0,0,"X",,,,,,,"536 North Jackson St
 Jackson, MI 49201",,,,,"https://jacksonpridecenter.org/front-page","Info@jacksonpridecenter.org","734-627-7570"
"Michigan","Kalamazoo","OutFront Kalamazoo",1,1,1,0,0,1,0,1,0,0,1,1,0,"X",,,,,,,"340 S. Rose St 
Kalamazoo, MI, 49007",,,,,"https://www.outfrontkzoo.org/","unknown","269-349-4234"
"Michigan","Midland","Great Lakes Bay Pride",0,0,0,0,0,0,0,0,0,0,1,0,0,"X",,,,,,,"Midland, Michigan",,,,,"https://greatlakesbaypride.org/","Director: scott@greatlakesbaypride.org
info@greatlakesbaypride.org","unknown"
"Michigan","Traverse City","Polestar LGBT Community Center",1,0,0,0,0,0,0,0,0,0,1,1,0,"X",,,,,,,"Traverse City, Michigan",,,,,"https://www.tcpolestar.org/","info@tcpolestar.org","unknown"
"Michigan","Grand Rapids","Grand Rapids LGBTQ+ Healthcare Consortium",1,0,0,0,0,0,1,0,0,1,0,0,0,"X",,,,,,,"Grand Rapids, Michigan",,,,,"https://www.grlgbtqhealthcareconsortium.org/","info.grlgbtqhcc@gmail.com","616-540-0967"
"Michigan","Lansing","Lansing Association for Human Rights",1,0,0,0,0,0,0,0,0,0,0,0,0,"X",,,,,,,"Lansing, Michigan",,,,,"https://lahronline.org/","communications@lahronline.org","unknown"
"Minnesota","Minneapolis","Queer Space Collective",1,0,0,0,0,0,0,0,0,0,1,0,0,"X",,,,,,,"Minneapolis, Minnesota",,,,,"https://www.queerspacecollective.org/","info@queerspacecollective.org","unknown"
"Minnesota","St. Paul","Rainbow Health",1,0,0,1,0,1,0,0,1,1,1,0,1,"X",,,,,,,"2577 West Territorial Rd
Saint Paul, MN 55114",,,,,"https://rainbowhealth.org/","info@rainbowhealth.org","612–341–2060"
"Minnesota","St. Paul ","Reclaim!",0,0,0,0,0,0,0,0,0,1,0,1,0,,"X",,,,,,"2446 University Ave W, Suite 104
St. Paul, MN 55114",,,,,"https://www.reclaim.care/","info@reclaim.care","612-235-6743"
"Minnesota","St. Paul
Minneapolis","TIGERSS (Transgender, Intersex, Gender-Expansive 
Revolutionary Resources & Services)",0,0,0,0,0,0,0,0,0,0,1,1,0,,,"X",,,,,"multiple locations",,,,,"https://tigerrs.org/","admin@tigerrs.org","unknown"
"Minnesota","Statewide","MN LGBTQ+ Therapists' Network",0,0,0,0,0,0,0,0,0,1,0,0,0,,,"X",,,,,"Minnesota",,,,,"https://lgbttherapists.wildapricot.org/","N/A","N/A"
"Minnesota","Saint Paul","Gender Justice",1,0,0,0,0,0,0,0,1,0,0,0,0,,,,"X",,,,"663 University Ave W, Suite 200
Saint Paul, MN 55104",,,,,"https://www.genderjustice.us/","info@genderjustice.us","651-789-2090"
"Mississippi","Hattiesburg","Marsha's Tea Room",1,1,0,1,0,1,0,0,0,1,1,0,0,"X",,,,,,,"709 Hardy St 
Hattiesburg,MS 39401  ",,,,,,"lee@marshastearoom.org   ","601-401-8946"
"Mississippi","Hattiesburg","Spectrum: The Other Clinic",1,0,0,0,0,0,1,0,0,0,0,0,0,,,,,"X",,,"709 Hardy St
Hattiesburg, MS 39401",,,,,"https://www.otherclinic.org/msappts","otherclinic@gmail.com","601-643-9708 
(noted as a text line)"
"Missouri","Statewide","PROMO Missouri",1,0,0,0,0,0,0,0,0,0,0,0,0,,,"X",,,,,"Missouri",,,,,"https://promoonline.org/resources/","PROMO@promoonline.org","314-862-4900"
"Missouri","St Louis","Metro Trans Umbrella Group",0,1,0,0,1,0,1,0,1,1,1,0,0,"X",,,,,,,"3133 Oregon Ave
St. Louis, MO 63118",,,,,"https://www.stlmetrotrans.org/","info@stlmetrotrans.org","314-349-1402"
"Missouri","Columbia","The Center Project",1,1,0,0,0,0,1,0,0,0,1,0,0,"X",,,,,,,"805 Fairview Ave
 Columbia, MO 65201",,,,,"https://centerproject.org/","info@thecenterproject.org","573-449-1188"
"Missouri","Springfield","Glo Center",1,0,0,0,0,0,0,0,0,0,1,1,0,"X",,,,,,,"518 East Commercial St
Springfield, MO 65803",,,,,"https://www.glocenter.org/","info@glocenter.org","417-869-3978"
"Missouri","Kansas City","The Kansas City Center for Inclusion",1,1,0,1,0,0,0,1,0,0,1,1,0,"X",,,,,,,"300 E 39th St Suite LL2E
Kansas City, MO 64111",,,,,"https://www.inclusivekc.org/","info@inclusivekc.org","816-310-7396"
"Missouri","St. Louis","SQSH (St Louis Queer Support Helpline)",1,0,0,0,0,0,0,0,0,1,0,0,0,,,"X",,,,,"St. Louis, Missouri",,,,,"https://www.thesqsh.org/","general@thesqsh.org","314-380-7774
(this is a helpline)"
"Montana","Missoula","The Center - Western Montana's LGBTQ+ Community Center",1,0,0,0,0,0,0,0,0,0,1,0,0,"X",,,,,,,"127 N Higgins Ave Suite 102
Missoula, MT 59802",,,,,"https://www.gaymontana.org/","hello@gaymontana.org","406-543-2224 "
"Nevada","Henderson","Henderson Equality Center",0,0,1,1,1,0,1,0,0,0,1,1,0,"X",,,,,,,"1490 W Sunset Rd Suite120
Henderson, NV 89014",,,,,"https://hendersonequalitycenter.org/","info@hendersonequalitycenter.org","855-955-5428"
"Nevada","Las Vegas","North Las Vegas Equality Center",0,0,1,1,1,0,1,0,0,0,1,1,0,"X",,,,,,,"3410 E Centennial Pkwy
Suite100
North Las Vegas, NV 89081",,,,,"https://nlvequalitycenter.org/","Info@NLVEqualityCenter.org","855-955-5428"
"Nevada","Las Vegas","LGBTQ Community Center of Southern Nevada",1,1,1,0,1,1,1,1,1,1,1,1,0,"X",,,,,,,"401 S. Maryland Pkwy,
Las Vegas, NV 89101",,,,,"https://thecenterlv.org/","unknown","702-733-9800"
"New Hampshire","Portsmouth","Seacoast Outright",1,0,0,0,0,0,0,0,0,0,1,1,0,,"X",,,,,,"100 Campus Dr
Portsmouth, NH 03801",,,,,"https://www.seacoastoutright.org/","hershey@seacoastoutright.org","603-552-5824"
"New Jersey","Asbury Park","QSpot LGBT Community Center",1,0,0,1,1,1,0,0,0,0,1,0,0,"X",,,,,,,"1601 Asbury Avenue
Asbury Park, NJ 07712",,,,,"https://qspot.org/","info@jsqspot.org","732-455-3373"
"New Jersey","Bergen","Bergen County LGBTQ+ Alliance",0,1,0,0,1,1,0,0,0,1,1,1,0,"X",,,,,,,"
156 Forest Ave #1
 Paramus, NJ 07652",,,,,"https://www.bergencountylgbtq.org/","info@bergencountylgbtq.org","201-375-3549"
"New Jersey","Statewide","New Jersey Pride Chamber of Commerce",1,0,1,0,0,0,0,0,0,0,0,0,0,,,,,,,,"155 Willowbrook Blvd Suite 350 
Wayne, NJ 07470",,,,,"https://www.njpridechamber.org/","info@njlpridechamber.org","973-869-9567"
"New Jersey","Chatham","Sam & Devorah Foundation for Transgender Youth",0,0,0,0,0,0,0,0,0,0,1,1,0,,"X",,,,,,"10 Fairmount Ave
Chatham, NJ 07928",,,,,"https://www.samdevorah.org/","info@samdevorah.org","unknown"
"New Jersey","Cherry Hill","Samost Jewish Family & Children's Service",1,0,1,0,1,0,0,1,0,1,1,1,0,,,,,,,"X","1301 Springdale Rd Suite 150
Cherry Hill, NJ 08003",,,,,"https://jfcssnj.org/lgbtq-support/","info@jfedsnj.org","856-424-1333"
"New Jersey","Highland Park","The Pride Center of New Jersey, Inc.",0,0,0,0,0,0,0,0,0,0,1,1,0,"X",,,,,,,"85 Raritan Ave, #100
Highland Park, NJ 08904-2430",,,,,"http://www.pridecenter.org/","info@pridecenter.org","732-846-2232"
"New Jersey","Jersey City","Hudson Pride Center",1,0,0,0,0,0,1,0,1,1,1,1,0,"X",,,,,,,"3000 John F. Kennedy Blvd Suite 306
 Jersey City, NJ 07306",,,,,"https://www.hudsonpride.org/","info@hudsonpride.org","201-963-4779"
"New Jersey","Denville","EDGE New Jersey",1,0,0,0,0,1,1,0,1,1,1,1,1,"X",,,,,,,"295 East Main St
Denville, NJ 07834",,,,,"https://edgenj.org/","Info@edgenj.org","973-285-0006"
"New Jersey","Princeton","Bayard Rustin Center for Social Justice",1,0,0,0,0,0,0,0,0,0,0,0,0,"X",,,,,,,"12 Stockton St
 Princeton, NJ 08540",,,,,"https://www.rustincenter.org/","rustincenter@gmail.com","609-250-2765"
"New Mexico","Albuquerque","HEAL + NM 
(Health Equity Alliance for LGBTQ+ New Mexicans)",1,0,0,0,0,0,0,0,0,1,0,0,0,"X",,,,,,,"Albuquerque, New Mexico",,,,,"https://www.healplusnm.org/","Contact Form: https://www.healplusnm.org/contact/","unknown"
"New Mexico","Santa Fe","Human Rights Alliance Santa Fe 
(Santa Fe Pride)",1,0,0,0,0,0,0,0,0,0,1,0,0,"X",,,,,,,"141 E Palace Ave,
Santa Fe, NM 87501",,,,,"https://hrasantafe.org/","info@hrasantafe.org","unknown"
"New York","New York","Live Out Loud",1,0,0,1,0,0,0,0,0,0,1,1,0,,"X",,,,,,"45 W 36th St
 New York, NY 10018",,,,,"https://www.liveoutloud.info/","multiple, see website","646-653-4312"
"North Carolina","Asheville","Blue Ridge Pride Center",1,0,0,0,0,0,1,0,0,0,1,1,0,"X",,,,,,,"Asheville",,,,,"https://blueridgepride.org/","Hello@BlueRidgePride.org","828-423-0655"
"North Carolina","Asheville","Youth OUTRight, WNC
Youth Center",0,0,0,1,0,0,0,0,0,0,1,1,0,,"X",,,,,,"PMB 128, 30 Westgate Pkwy
Asheville NC 28806",,,,,"https://www.youthoutright.org/","info@youthoutright.org","866-881-3721"
"North Carolina","Charlotte","Carolinas CARE Partnership",1,0,0,0,0,1,1,0,0,1,1,0,0,"X",,,,,,,"5855 Executive Center Dr Suite 200
Charlotte, NC 28212",,,,,"https://www.carolinascare.org/","info@carolinascare.org","704-531-2467"
"North Carolina","Durham","LGBTQ Center of Durham",1,1,0,1,0,1,1,0,1,1,1,1,1,"X",,,,,,,"112 West Main St Floor 2
Durham, NC 27701",,,,,"https://www.lgbtqcenterofdurham.org/","info@lgbtqcenterofdurham.org","919-827-1436"
"North Carolina","Greensboro","Guilford-Green Foundation and LGBTQ Center",1,1,0,1,0,0,1,0,1,1,1,0,0,"X",,,,,,,"121 N. Greene St 
Greensboro, NC 27401",,,,,"https://guilfordgreenfoundation.org/","info@ggfnc.org","336-790-8419"
"North Carolina","Jacksonville","Onslow County LGBTQ+ Community Center",1,0,0,0,0,0,1,0,0,0,1,1,0,"X",,,,,,,"2440 Commerce Rd Suite 219
 Jacksonville NC 28546",,,,,"https://www.onslowcountylgbtq.com/","infojaxlgbtq@gmail.com","910-333-9968"
"North Carolina","Raleigh","LGBT Center of Raleigh",1,0,0,1,0,0,1,0,1,1,1,1,0,"X",,,,,,,"19 West Hargett St Suite 507
Raleigh NC 27601",,,,,"https://www.lgbtcenterofraleigh.com/","info@lgbtcenterofraleigh.com","919-832-4484"
"North Carolina","Wilmington","LGBTQ Center of the Cape Fear Coast  
(Frank Harr Foundation)",1,0,0,0,0,0,0,0,0,0,1,1,0,"X",,,,,,,"1624 Princess St
Wilmington NC 28401",,,,,"https://lgbtqcapefear.org/","info@lgbtqcapefear.org","910-262-0327"
"North Carolina","Winston-Salem","North Star LGBT Community Center",1,1,1,0,0,0,1,0,0,1,1,1,0,"X",,,,,,,"930 Burke St
Winston-Salem, NC 27101",,,,,"https://www.northstarlgbtcc.com/","info@northstarlgbtcc.com","336-893-9053"
"North Dakota","Bismark","Dakota OutRight",1,0,0,0,0,0,0,0,0,0,1,1,0,"X",,,,,,,"Bismark, North Dakota",,,,,"https://dakotaoutright.org/","fill out website contact form","None"
"Ohio","Dayton","Greater Dayton LGBT Center",0,0,0,0,0,0,1,0,0,0,1,0,0,"X",,,,,,,"24 N. Jefferson St
Dayton, Ohio 45402",,,,,"https://www.daytonlgbtcenter.org/","info@daytonlgbtcenter.org","unknown"
"Ohio","Dayton","Have A Gay Day, Inc.",1,0,1,0,1,0,0,0,0,0,1,1,0,"X",,,,,,,"1902 Needmore Rd
Dayton, Ohio 45414",,,,,"https://haveagayday.org/","unknown","937-952-5715"
"Ohio","Fairview Park","COLORS+ Youth Center",0,1,0,0,0,0,1,0,0,1,1,0,0,,"X",,,,,,"21430 Lorain Rd
Fairview Park, Ohio 44126",,,,,"https://colorsplus.org/","info@colorsplus.org","330-529-5667"
"Ohio","Findlay","LGBTQ+ Spectrum of Findlay",0,0,0,0,0,0,1,0,1,1,1,1,0,"X",,,,,,,"521 S Main St
Findlay, Ohio 45840",,,,,"https://spectrumoffindlaylgbt.org/","contact@spectrumoffindlaylgbt.org","419-408-5568"
"Oregon","Roseburg","Umpqua Valley Rainbow Collective",1,0,0,0,0,0,0,0,0,0,1,1,0,"X",,,,,,,"Roseburg, Oregon",,,,,"https://www.umpquavalleyrainbowcollective.org/","info@umpquavalleyrainbowcollective.org","541-581-0035"
"Oregon","Talent","Rogue Action Center LGBTQ+ Listening Project",1,0,0,0,0,0,0,0,0,0,0,0,0,,,"X",,,,,"Talent, Oregon",,,,,"https://www.rogueactioncenter.org/","info@rogueactioncenter.org","541-292-1741"
"Pennsylvania","Erie","Greater Erie Alliance for Equality, Inc.",1,0,0,1,0,0,0,0,0,0,0,0,0,"X",,,,,,,"Erie, Pennsylvania",,,,,"https://greatereriealliance.org/","geaeinfo@gmail.com","unknown"
"Pennsylvania","Erie","TransFamily of NWPA",1,0,0,0,0,0,0,0,0,0,1,1,0,"X",,,,,,,"Erie, Pennsylvania",,,,,"https://transfamilynwpa.org/","TransFamilyNWPABOD@gmail.com","unknown"
"Pennsylvania","Harrisburg","GLO Harrisburg",0,0,1,0,1,1,1,1,0,1,1,1,0,"X",,,,,,,"1701 N. 3rd St.
Harrisburg, PA 17102",,,,,"https://www.gloharrisburg.org/","unknown","717-775-1161"
"Pennsylvania","Harrisburg","LGBT Community Center of Central PA",1,0,0,0,0,0,0,0,0,0,1,1,0,"X",,,,,,,"1701 N 3rd St
 Harrisburg, PA 17102",,,,,"https://centralpalgbtcenter.org/","info@centralpalgbtcenter.org","717-409-5781"
"Pennsylvania","Orefield","Eastern PA Trans Equity Project",1,1,1,1,1,0,1,0,1,1,1,0,0,"X",,,,,,,"Orefield, Pennsylvania",,,,,"https://www.patransequity.org/","info@PATransEquity.org","484-602-5918"
"Pennsylvania","State College","Centre LGBTQA Support Network",1,0,0,0,0,0,0,0,0,0,1,1,0,"X",,,,,,,"State College, Pennsylvania",,,,,"https://www.centrelgbtqa.org/","info@centrelgbtqa.org","unknown"
"Pennsylvania","York","Rainbow Rose Center",1,1,0,1,0,1,1,0,1,1,1,1,0,,,"X",,,,,"York, Pennsylvania",,,,,"https://www.rainbowrosecenter.org/","info@rainbowrosecenter.org","unknown"
"South Dakota","Rapid City","Family Connections Center",0,1,1,0,1,1,1,1,0,1,1,1,1,,"X",,,,,,"Rapid City, South Dakota",,,,,,"unknown","605-716-0422"
"South Dakota","Online-Based","The Transformation Project",1,1,0,0,0,0,0,0,1,1,1,1,0,"X",,,,,,,"Sioux Falls
South Dakota 57103",,,,,"https://www.transformationprojectsd.org/","info@transformationprojectsd.org","605-610-8579"
"Tennessee","Knoxville","Knox Pride",0,0,1,0,1,0,0,0,0,1,1,1,0,"X",,,,,,,"4044A Chapman Highway
Knoxville, Tennessee 37930",,,,,"https://www.knoxpride.com/","info@knoxpride.com","865-978-3464"
"Utah","Statewide","Genderbands",0,1,0,1,0,0,0,0,1,0,1,0,0,,,"X",,,,,"Utah",,,,,"https://www.genderbands.org/","info@genderbands.org","unknown"
"Utah","Provo","Queer Meals",0,0,0,1,1,1,0,1,0,1,1,0,0,"X",,,,,,,"Provo, Utah",,,,,"https://queermeals.org/","queermeals@gmail.com","unknown"
"New Mexico","Albuquerque","Transgender Resource Center of New Mexico",1,1,1,1,1,1,1,1,1,1,1,1,0,"X",,,,,,,"5600 Domingo Rd NE
Albuquerque, NM 87108",,,,,"https://tgrcnm.org/","tgrcnm@tgrcnm.org","505-200-9086"
"New York","Rockland","Phyllis B Frank Pride Center of Rockland County",1,1,0,0,1,1,1,1,1,1,1,1,0,"X",,,,,,,"28 S. Franklin St.
 Nyack, NY 10960",,,,,"https://rocklandpridecenter.org/","pride@rocklandpridecenter.org","845-353-6300"
"New York","Nyack","Jacobs Family Pride Wellness Center",1,0,0,0,0,0,1,0,0,0,0,1,0,,,,,"X",,,"160 North Midland Ave.
Nyack, NY 10960",,,,,"https://www.montefiorenyack.org/pride-wellness-center","unknown","845-348-2000"
"New York","Albany","In Our Own Voices, Inc.",1,0,0,1,1,0,0,0,0,1,1,0,0,"X",,,,,,,"245 Lark Street
Albany, NY 12210",,,,,"https://ioov.org/","info@inourownvoices.org","518.432.4188"
"New York","Binghamton","Identity Youth Center",1,0,1,0,1,0,0,0,0,0,1,1,0,,"X",,,,,,"206 State St
Binghamton NY, 13901",,,,,"https://www.idyouth.org/","info@idyouth.org","607-651-9120"
"New York","Brooklyn","Brooklyn Community Pride Center: Crown Heights",0,0,1,0,0,0,1,0,0,0,1,1,0,"X",,,,,,,"1561 Bedford Ave Suite Ground A
Brooklyn, NY 11225",,,,,"https://www.lgbtbrooklyn.org/","info@lgbtbrooklyn.org","347-889-7719"
"New York","Brooklyn","Brooklyn Community Pride Center: Bed-Stuy",0,1,1,0,1,0,1,1,0,0,1,1,0,"X",,,,,,,"1360 Fulton St, Ground Floor
Brooklyn, NY 11216",,,,,"https://www.lgbtbrooklyn.org/","info@lgbtbrooklyn.org","347-889-7719"
"New York","New York","The Ali Forney Center",1,1,1,0,1,1,1,1,0,1,1,1,0,,"X",,,,,,"307 West 38th Street 2nd Floor
New York, NY 10018",,,,,"https://www.aliforneycenter.org/","unknown","212-222-3427 ext. 300"
"New York","New York","The Brooklyn GHOST Project",1,1,0,1,1,0,1,1,1,1,1,1,0,"X",,,,,,,"40 Varet St
Brooklyn, NY 11206",,,,,"https://brooklynghostproject.org/","info@brooklynghostproject.org","347-763-1385"
"New York","Bronx","Callen Lorde Community Health Center: Bronx",1,0,0,0,0,0,1,0,0,1,0,1,0,,,,,"X",,,"3144 Third Ave 
Bronx, NY 10451",,,,,"https://callen-lorde.org/locations-hours/#bronx","unknown","718-215-1800"
"New York","Brooklyn","Callen Lorde Community Health Center: Brooklyn",1,0,0,0,0,0,1,0,0,1,0,1,0,,,,,"X",,,"40 Flatbush Ave Extension Third Floor
Brooklyn, NY 11201",,,,,"https://callen-lorde.org/locations-hours/#brooklyn","unknown","212-271-7200"
"New York","New York","Callen Lorde Community Health Center: Thea Spyer Center",1,0,0,0,0,0,1,0,0,1,0,1,0,,,,,"X",,,"230 W 17th St
New York, NY 10011",,,,,"https://callen-lorde.org/theaspyer/","unknown","212-271-7200"
"New York","New York","Hetrick Martrin Institute for LGBTQIA+ Youth",0,1,1,0,1,1,1,1,0,1,1,1,0,,"X",,,,,,"2 Astor Pl
 New York, NY 10003 ",,,,,"https://hmi.org/","counseling@hmi.org","212-674-2400"
"New York","New York","Stonewall Community Development Corporation",1,0,0,0,0,1,0,0,0,0,1,0,0,"X",,,,,,,"276 First Ave, Suite 8G
New York, NY 10009",,,,,"https://www.stonewallcdc.org/","info@stonewallcdc.org","929-209-4070 Ext 104"
"New York","Brooklyn","Sunset Terrace Family Health Center at NYU Langone",0,0,0,0,0,0,1,0,0,0,1,0,0,,,,,"X",,,"514 49th St
Brooklyn, NY 11220",,,,,"https://nyulangone.org/locations/sunset-terrace-family-health-center-at-nyu-langone","unknown"," 718-431-2667"
"New York","Brooklyn","Flatbush Family Health Center at NYU Langone",0,0,0,0,0,0,1,0,0,0,1,0,0,,,,,"X",,,"3414 Church Ave
 Brooklyn, NY 11203",,,,,"https://nyulangone.org/locations/flatbush-family-health-center-at-nyu-langone","unknown","718-630-7942"
"New York","Buffalo","Pride Center of Western New York",1,0,0,0,0,0,1,0,1,1,1,1,0,"X",,,,,,,"278 Delaware Ave 
Buffalo, NY 14202",,,,,"http://www.pridecenterwny.org/","info@pridecenterwny.org","716-852-7743"
"New York","Cortland","Cortland LGBT Resource Center",1,0,0,0,0,0,1,0,0,0,1,1,0,"X",,,,,,,"165 Main St, Suite A
Cortland, NY 13045",,,,,"https://cortlandlgbtqcenter.org/","mdoughty@familycs.org","607-756-8970 ext 253"
"New York","Forest Hills","Queens Community House: Forest Hills Community Center
",0,0,0,0,1,1,0,0,0,0,1,1,1,,,,,,,"X","108-25 62nd Dr
Forest Hills, NY 11375",,,,,"https://www.qchnyc.org/communitycenters?communitycenter=foresthills","unknown","718-592-5757"
"New York","Flushing","Queens Community House: Pomonok Community Center
",0,0,0,0,1,0,0,0,0,0,1,1,1,,,,,,,"X","67-09 Kissena Boulevard
Flushing, NY 11367",,,,,"https://www.qchnyc.org/communitycenters?location=pomonok","unknown","718-591-6060"
"New York","Kew Gardens","Queens Community House: Kew Gardens Community Center
",0,0,0,0,1,0,0,0,0,0,1,0,1,,,,,,,"X","80-02 Kew Gardens Rd
Suite 202
Kew Gardens, NY 11415",,,,,"https://www.qchnyc.org/communitycenters?location=kewgardens","unknown","718-268-5960"
"New York","Forest Hills","Generation Q Youth Center",1,0,1,0,0,0,0,0,0,0,1,1,0,,"X",,,,,,"107-20 71st Rd 
Forest Hills, NY 11375",,,,,"https://www.qchnyc.org/programs/lgbtq-services/generation-q-youth-center","info@qchnyc.org","718-592-5757 Ext 450"
"New York","Jackson Heights","Queens Center for Gay Seniors",0,0,0,0,1,1,0,0,0,0,1,1,1,"X",,,,,,,"37-06 77th St
 Jackson Heights, NY 11372",,,,,"https://www.qchnyc.org/qcgs","obaranova@qchnyc.org","718-533-6459"
"New York","Geneva","The LGBTQ Center of the Finger Lakes",1,0,0,0,0,0,1,0,1,1,1,1,0,"X",,,,,,,"671 South Exchange St
 Geneva, NY 14456",,,,,"https://fcsfl.org/lgbtq-program","lgbtq@fcsfl.org","315-789-2613"
"New York","Astoria","LGBT Network Astoria Center",1,0,1,0,0,0,1,0,1,1,1,1,0,"X",,,,,,,"35-11 35th Ave
Astoria, NY 11106",,,,,"https://lgbtnetwork.org/","info@lgbtnetwork.org","718-514-2155"
"New York","Bay Shore","LGBT Network Bay Shore Center",1,0,1,0,0,0,1,0,1,1,1,1,0,"X",,,,,,,"34 Park Ave
Bay Shore, NY 11706",,,,,"https://lgbtnetwork.org/","info@lgbtnetwork.org","516-323-0011"
"New York","Hauppauge","LGBT Network Hauppauge Center",1,0,1,0,0,0,1,0,1,1,1,1,0,"X",,,,,,,"125 Kennedy Dr Suite 100,
Hauppauge, NY 11788",,,,,"https://lgbtnetwork.org/","info@lgbtnetwork.org","631-665-2300"
"New York","Sag Harbor","LGBT Network Sag Harbor Center",1,0,1,0,0,0,1,0,1,1,1,1,0,"X",,,,,,,"44 Union St
Sag Harbor, NY 11963",,,,,"https://lgbtnetwork.org/","info@lgbtnetwork.org","631-899-4950"
"New York","Kingston","Hudson Valley LGBTQ Community Center",1,0,1,1,1,0,1,0,0,1,1,1,0,"X",,,,,,,"300 Wall St
Kingston, New York 12401",,,,,"https://lgbtqcenter.org/","info@lgbtqcenter.org","845-331-5300"
"New York","New York","The Lesbian, Gay, Bisexual & Transgender Community Center",1,0,1,0,0,0,1,0,0,1,1,1,0,"X",,,,,,,"208 W 13 St
New York, NY 10011",,,,,"https://gaycenter.org/","unknown","212-620-7310"
"New York","Oakland Gardens","TransNewYork",1,0,1,0,0,0,0,0,0,1,0,0,0,"X",,,,,,,"22-12 Kingsbury Ave
Oakland Gardens, NY 11364",,,,,"https://transnewyork.org/","info@transnewyork.org","516-421-1663"
"New York","Rochester","Out Alliance",0,0,0,0,0,0,0,0,0,0,1,0,0,"X",,,,,,,"50 Prince St
Rochester, NY 14607",,,,,"https://www.outalliance.org/","info@outalliance.org","555-555-5555"
"New York","Staten Island","Pride Center of Staten Island",1,0,1,0,0,1,1,0,1,1,1,1,0,"X",,,,,,,"66 Willow Ave Suite 202
Staten Island, NY 10305",,,,,"https://www.pridecentersi.org/","SMO-info@pridecentersi.org","718-808-1360"
"New York","White Plains","The LOFT LGBTQ Community Center",1,0,1,0,0,0,0,0,1,1,1,1,0,"X",,,,,,,"252 Bryant Ave
White Plains NY 10605",,,,,"https://www.loftgaycenter.org/","info@loftgaycenter.org","914-948-2932"
"New York","New York","Callen Lorde Community Health Center: Chelsea",1,0,0,0,0,0,1,0,0,1,0,1,0,,,,,"X",,,"356 W 18th St 
New York, NY 10011",,,,,"https://callen-lorde.org/locations-hours/#chelsea","unknown","212-271-7200"
"North Carolina","Charlotte","Time Out Youth",1,1,1,1,1,1,1,1,1,1,1,1,0,,"X",,,,,,"3800 Monroe Rd
Charlotte, NC 28205",,,,,"https://www.timeoutyouth.org/","Info@timeoutyouth.org","704-344-8335"
"Ohio","Cleveland","The LGBT Community Center of Greater Cleveland",1,0,0,0,1,0,1,1,1,1,1,1,0,"X",,,,,,,"6705 Detroit Ave
Cleveland, Ohio 44102-3016",,,,,"http://www.lgbtcleveland.org/","info@lgbtcleveland.org","216-651-5428"
"Ohio","Columbus","Kaleidoscope Youth Center",1,0,1,0,0,0,0,0,0,1,1,1,0,,"X",,,,,,"603 E. Town St
Columbus, Ohio 43215",,,,,"http://www.kycohio.org/","info@kycohio.org","614-294-5437"
"Ohio","Columbus","Stonewall Columbus Inc.",1,0,1,0,0,0,1,0,1,1,1,0,0,"X",,,,,,,"1160 N. High St
Columbus, Ohio 43201",,,,,"http://www.stonewallcolumbus.org/","info@stonewallcolumbus.org","614-299-7764"
"Ohio","Mansfield","Love on a Mission Youth Center",1,0,0,0,0,0,1,0,0,0,1,1,0,,"X",,,,,,"41 Bowman St
Mansfield, Ohio 44903",,,,,"https://loveonamission.org/","unknown","419-544-1013"
"Ohio","Youngstown","Full Spectrum Community Outreach",1,0,1,0,1,1,1,0,1,1,1,1,0,"X",,,,,,,"5060 Youngstown Poland Rd
Youngstown, Ohio, 44514",,,,,"https://www.fullspectrumcommunityoutreach.org/","info@fullspectrumcommunityoutreach.org","234-254-8924"
"Oklahoma","Tulsa","Oklahomans For Equality Bartlesville
(Dennis R. Neill Equality Center)",1,0,1,0,0,0,1,0,1,1,1,1,0,"X",,,,,,,"621 E 4th St
Tulsa, OK 74120",,,,,"https://okeq.org/","unknown","918-743-4297"
"Oklahoma","Oklahoma City","Diversity Center of Oklahoma Inc",1,1,0,0,0,0,1,0,0,1,0,0,0,"X",,,,,,,"2242 N.W. 39th
Oklahoma City, OK 73112",,,,,"https://www.diversitycenterofoklahoma.org/","info@diversitycenterofoklahoma.org","405-604-5217"
"Oregon","Portland","Q Center",0,1,0,1,1,0,1,0,0,0,1,0,1,"X",,,,,,,"4115 N. Mississippi Ave
Portland, OR 97217",,,,,"https://www.pdxqcenter.org/","info@pdxqcenter.org","503-234-7837"
"Oregon","Roseburg","Tasha's House",0,1,0,0,0,1,0,0,0,0,1,1,0,"X",,,,,,,"2825 NE Douglas Ave
Roseburg, OR 97470",,,,,"https://www.tashashouse.net/","tashashouseboard@gmail.com","unknown"
"Pennsylvania","Allentown","Bradbury-Sullivan LGBT Community Center",1,0,0,0,0,0,1,0,0,1,1,1,0,"X",,,,,,,"522 West Maple St @ Bayard Rustin Way
Allentown, PA 18101-2106",,,,,"https://www.bradburysullivancenter.org/","Referrals@BradburySullivanCenter.org","610-347-9988"
"Pennsylvania","Doylestown","Roy G. Biv Youth Center",0,0,0,0,0,0,0,0,0,0,1,1,0,,"X",,,,,,"186 E. Court St
Doylestown, PA 18901",,,,,"https://www.plannedparenthood.org/planned-parenthood-keystone/education/lgbtq-youth-programs/roy-g-biv","roygbiv@ppkeystone.org","unknown"
"Pennsylvania","Doylestown","The Rainbow Room Youth Center",0,0,0,0,0,0,0,0,0,0,1,1,0,,"X",,,,,,"186 E. Court St
Doylestown, PA 18901",,,,,"https://www.plannedparenthood.org/planned-parenthood-keystone/education/lgbtq-youth-programs/pprainbowroom","rainbowroom@ppkeystone.org","unknown"
"Pennsylvania","York","The Curve York",0,0,0,0,0,0,0,0,0,0,1,1,0,,"X",,,,,,"728 S. Beaver St
York, PA 17401",,,,,"https://www.plannedparenthood.org/planned-parenthood-keystone/education/lgbtq-youth-programs/curve","curve@ppkeystone.org","unknown"
"Pennsylvania","Hatboro","SAGA Community Center: A Program of Welcome",1,0,0,0,1,0,0,0,1,1,1,1,0,"X",,,,,,,"350 S. York Rd 
Hatboro, PA 19040",,,,,"https://welcomeprojectpa.org/","info@welcomeprojectpa.org","215-675-8808"
"Pennsylvania","Lancaster","Lancaster LGBTQ+ Coalition",1,0,0,0,0,1,0,0,0,0,1,1,0,"X",,,,,,,"115 E Chestnut St
 Lancaster, PA 17602",,,,,"https://www.lgbtlancaster.org/","unknown","717-715-6917"
"Pennsylvania","Milford","TriVersity Center for Gender and Sexual Diversity",1,0,0,0,0,0,0,0,0,0,1,0,0,"X",,,,,,,"201 West Harfort Street
Milford, Pennsylvania 18337",,,,,"https://triversitycenter.org/","unknown","570-618-9638"
"Pennsylvania","Philadelphia","William Way LGBT Center",0,0,1,0,0,0,0,0,1,1,1,0,0,"X",,,,,,,"1315 Spruce St
 Philadelphia, PA 19107",,,,,"https://www.waygay.org/","info@waygay.org","215-732-2220"
"Pennsylvania","Philadelphia","The Attic (Youth Center)",1,0,1,0,1,1,0,1,0,1,1,1,0,,"X",,,,,,"255 S. 16th St
Philadelphia, PA 19102",,,,,"https://atticyouthcenter.org/","unknown","215-545-4331"
"Pennsylvania","Phoenixville","LGBT Equality Alliance of Chester County",0,0,0,0,0,0,0,0,0,1,1,1,0,"X",,,,,,,"14 Gay St
Phoenixville, PA 19460",,,,,"https://lgbteachesco.org/","info@lgbteachesco.org","unknown"
"Pennsylvania","Pittsburgh","Hugh Lane Wellness Foundation",1,0,0,0,1,1,0,1,1,0,1,1,0,"X",,,,,,,"925 Brighton Rd Suite 
Pittsburgh, PA 15233",,,,,"https://hughlane.org/","info@hughlane.org","412-973-5053"
"Pennsylvania","Pittsburgh","PGH Equality Center",0,0,0,0,0,1,0,0,0,0,1,1,0,"X",,,,,,,"5401 Centre Ave Suite #103
Pittsburgh, PA 15232",,,,,"https://pghequalitycenter.org/","info@pghequalitycenter.org","412-422-0114 "
"Pennsylvania","Pittsburgh","Proud Haven (Youth Center)",0,1,0,1,1,1,0,1,0,0,1,1,0,,"X",,,,,,"525 E. Ohio St
​Pittsburgh, PA 15212",,,,,"https://www.proudhaven.org/","admin@proudhaven.org","412-953-4666 "
"Pennsylvania","Reading","The LGBT Center of Greater Reading",1,0,0,1,1,0,1,1,0,1,1,1,0,"X",,,,,,,"640 Centre Ave
Reading, PA 19601",,,,,"https://www.lgbtcenterofreading.com/","unknown","484-513-3170"
"Pennsylvania","Washington","Washington County Gay Straight Alliance 
(The Center on Strawberry)",1,0,0,0,1,0,0,0,0,0,1,1,0,"X",,,,,,,"59 E Strawberry Ave
 Washington, PA 15301",,,,,"https://wcgsa.org/","info@wcgsa.org","724-213-0096"
"Rhode Island","Providence","Youth Pride, Inc (Youth Center)",1,1,0,0,1,1,1,1,0,1,1,1,0,,"X",,,,,,"743 Westminster St
Providence, RI 02903",,,,,"https://www.youthprideri.org/","info@youthprideri.org","401-421-5626"
"South Carolina","Columbia","Harriet Hancock LGBT Center",0,0,0,0,0,0,1,0,1,1,1,1,0,"X",,,,,,,"1108 Woodrow St
Columbia, SC 29205",,,,,"http://harriethancockcenter.org/","info@harriethancockcenter.org","803-771-7713"
"South Carolina","Greenville","Pride Link",0,0,1,1,0,0,1,0,1,1,1,1,0,"X",,,,,,,"30 Pointe Cir. Suite B
Greenville, SC 29615",,,,,"https://pridelink.org/","info@pridelink.org","864-248-4040"
"South Carolina","North Charleston","We Are Family (Youth Center)",0,1,0,1,0,0,0,0,1,1,1,1,0,,"X",,,,,,"1801 Reynolds Ave Unit B
North Charleston, SC 29405",,,,,"https://wearefamilycharleston.org/","info@waf.org","843-637-9379"
"South Carolina","Spartanburg","Uplift Outreach Center (Youth Center)",0,0,0,0,0,0,0,0,0,0,1,1,0,,"X",,,,,,"200 Fernwood Dr 
Spartanburg, SC 29307",,,,,"https://upliftoutreachcenter.org/","unknown","864 381 7234"
"Tennessee","Memphis","OUTMemphis: The LGBTQ Center for the Mid-South",1,0,1,0,1,1,1,0,1,1,1,1,0,"X",,,,,,,"892 S. Cooper Street,
Memphis, Tennessee 38104",,,,,"https://outmemphis.org/","unknown","954-765-6024"
"Tennessee","Nashville","Just Us at Oasis Center",1,0,1,0,0,0,0,0,0,1,1,1,0,,"X",,,,,,"1704 Charlotte Ave
Suite 200
Nashville, Tennessee 37203",,,,,"https://justusoasis.org/","jclark@oasiscenter.org","615-983-6855"
"Tennessee","Johnson City","Pride Community Center of the Tri-Cities",0,0,0,0,0,0,0,0,0,0,1,1,0,"X",,,,,,,"300 E Main St Suite 159,
Johnson City, TN 37601",,,,,"https://pridetricities.com/","info@pridetricities.com","unknown"
"Texas","Austin","Austin OutPost (under construction as of May 2023)",1,0,0,0,0,0,1,0,0,1,1,0,0,"X",,,,,,,"4315 Guadalupe St Suite 300
Austin, TX 78751",,,,,"https://www.austinoutpost.org/","use email form on website","unknown"
"Texas","Austin","Rainbow Connections ATX, a program of Family Elder Care",1,0,0,0,0,0,0,0,0,0,1,0,0,"X",,,,,,,"1700 Rutherford Ln
 Austin, TX 78754",,,,,"https://www.rainbowconnectionsatx.org/","RCATX@familyeldercare.org","unknown"
"Texas","Corpus Christi","Costal Bend Pride Center",1,1,1,0,0,0,1,1,1,1,1,1,0,"X",,,,,,,"2882 Holly Rd,
Corpus Christi, TX 78415",,,,,"http://www.cbpridecenter.org/","info@cbpridecenter.org","361-557-7433"
"Texas","Dallas","FUSE, United Black Ellument (UBE) and GenderBrave Resource Center",1,0,1,0,0,0,1,1,0,1,1,0,0,"X",,,,,,,"3918 Harry Hines Blvd.
Dallas, Texas 75219",,,,,"http://www.myresourcecenter.org/","info@myresourcecenter.org","469-730-3593"
"Texas","Dallas","Health Campus and Nutrition Center/Food Pantry",0,0,0,0,1,0,1,1,0,0,0,0,0,,,,,"X",,,"2701 Reagan St
Dallas, Texas 75219",,,,,"https://myresourcecenter.org/location/lgbtq-heath/","info@myresourcecenter.org","214-540-4492"
"Texas","Dallas","Nelson-Tebedo Clinic Resource Center",0,0,0,0,0,0,1,0,0,0,0,0,0,,,,,"X",,,"4012 Cedar Springs Rd.
Dallas, Texas 75219",,,,,"https://myresourcecenter.org/location/nelson-tebedo/","info@myresourcecenter.org","214-528-2336"
"Texas","Dallas","Resource Center",1,0,1,0,0,0,1,1,0,1,1,1,0,,,"X",,,,,"5750 Cedar Springs Rd
Dallas, Texas 75235",,,,,"https://myresourcecenter.org/location/community-center/","info@myresourcecenter.org","214-521-5124"
"Texas","El Paso","Borderland Rainbow Center",1,0,0,0,1,0,1,0,0,1,1,1,0,"X",,,,,,,"2714 Wyoming Ave
El Paso, TX 79903",,,,,"https://www.borderlandrainbow.org/","info@borderlandrainbow.org","915 - 263 - 4623"
"Texas","Fort Worth","LGBTQ Saves (Youth Center)",1,1,0,1,0,1,1,1,1,1,1,1,0,,"X",,,,,,"1959 Sandy Ln
 Fort Worth, TX 76112",,,,,"https://www.lgbtqsaves.org/","contactus@lgbtqsaves.org","unknown"
"Texas","Houston","The Montrose Center",1,0,0,1,1,1,1,1,0,1,1,1,0,"X",,,,,,,"401 Branard St
Houston, TX 77006",,,,,"https://montrosecenter.org/","info@montrosecenter.org","713-529-0037"
"Texas","Houston","Tony’s Place (Youth Center)",0,1,1,0,1,1,1,1,1,1,1,1,0,,"X",,,,,,"1429 Hawthorne St 
Houston, TX 77006",,,,,"https://tonysplace.org/","info@tonysplace.com","713-678-0733"
"Texas","San Angelo","Open Arms Rape Crisis Center & LGBT Services",0,0,0,0,0,0,0,0,0,0,0,0,0,"X",,,,,,,"113 N Harrison St,
​San Angelo, TX 76901",,,,,"https://openarmscv.com/","unknown","325-655-2000"
"Texas","San Antonio","The Center - Pride Center San Antonio",1,1,1,1,0,0,1,0,1,1,1,1,0,"X",,,,,,,"1303 McCullough Ave Ste 160
 San Antonio, Texas 78212",,,,,"https://pridecentersa.org/","robert@pridecentersa.org","210-370-7743"
"Utah","Ogden","Ogden Pride",0,0,1,0,0,0,0,0,0,0,1,1,0,"X",,,,,,,"Ogden, Utah",,,,,"https://www.ogdenpride.org/","info@ogdenpride.org","801-917-4588"
"Utah","Salt Lake City","Encircle Salt Lake City (Youth Center)",0,0,0,0,0,0,0,0,0,1,1,1,0,,"X",,,,,,"331 S. 600 E
Salt Lake City, Utah 84102",,,,,"https://encircletogether.org/slc","info@encircletogether.org","801-613-7305"
"Utah","Heber City","Encircle Heber (Youth Center)",0,0,0,0,0,0,0,0,0,1,1,1,0,,"X",,,,,,"81 E Center St
 Heber City, UT 84032",,,,,"https://encircletogether.org/","info@encircletogether.org","801-613-7305"
"Utah","Provo","Encircle Provo (Youth Center)",0,0,0,0,0,0,0,0,0,1,1,1,0,,"X",,,,,,"91 W 200 S
 Provo, UT 84601",,,,,"https://encircletogether.org/provo","info@encircletogether.org","801-613-7305"
"Utah","St. George","Encircle St George (Youth Center)",0,0,0,0,0,0,0,0,0,1,1,1,0,,"X",,,,,,"190 S 100 E 
St George, UT 84770",,,,,"https://encircletogether.org/stg","info@encircletogether.org","801-613-7305"
"Utah","Orem","Flourish Therapy",0,0,0,0,0,0,0,0,0,1,0,0,0,,,,,"X",,,"1422 E 820 N 
Orem, UT 84097",,,,,"https://flourishtherapy.org/","info@flourishtherapy.org","385-309-1038"
"Utah","Statewide","Identity 650",0,0,0,0,0,0,0,0,1,0,0,0,0,,,"X",,,,,"Utah",,,,,"https://www.sixfifty.com/pro-bono/identity-650/","support@sixfifty.com","unknown"
"Utah","Logan","Logan Pride House",0,0,0,0,0,0,0,0,0,0,1,0,0,"X",,,,,,,"69 E 100 N 
Logan, UT 84321",,,,,"https://www.loganpride.org/","contact form on website: https://www.loganpride.org/contact","unknown"
"Utah","Salt Lake City","University of Utah Transgender Health Program",0,0,0,0,0,0,1,0,0,1,0,0,0,,,,,"X",,,"50 North Medical Dr
Salt Lake City, Utah 84132",,,,,"https://healthcare.utah.edu/transgender-health","transgenderhealth@hsc.utah.edu","801-213-2195"
"Utah","Salt Lake City","Transgender Health Services at Sugar House Health Center",0,0,0,0,0,0,1,0,0,1,0,0,0,,,,,"X",,,"1280 E. Stringham Ave
Salt Lake City, UT 84106",,,,,"https://healthcare.utah.edu/locations/sugar-house/transgender-health-services","unknown","801-581-2000"
"Utah","Salt Lake City","Equality Utah",1,0,0,0,0,0,0,0,1,0,0,0,0,,,,,,,"X","376 E 400 S
 Salt Lake City, UT 84111",,,,,"https://www.equalityutah.org/","info@equalityutah.org","801-355-3479"
"Louisiana","Baton Rouge","Capitol Area Reentry Program Inc. 
(Out of the Box LGBTQ Center)",1,0,1,0,0,0,1,0,0,1,1,0,0,"X",,,,,,,"9148 Scotland Ave
Baton Rouge, LA 70807",,,,,,"unknown","225-256-6627"
"Louisiana","Baton Rouge","Youth Oasis: Youth Center",0,0,1,1,1,1,0,1,0,0,1,1,1,,"X",,,,,,"260 S. Acadian Thruway
Baton Rouge, LA 70806",,,,,"https://www.youthoasis.org/","info@youthoasis.org","225-343-6300"
"Alabama","Montgomery","Colors River Region",0,0,0,0,0,0,0,0,0,0,1,1,0,,"X",,,,,,"828 Forest Ave
 Montgomery, AL 36106",,,,,"https://www.colorsriverregion.org/","admin@colorsriverregion.org","334-365-2464"
"Arizona","Phoenix ","One Community",1,0,1,0,0,0,0,0,0,0,1,0,0,,,"X",,,,,"Phoenix, Arizona",,,,,"https://www.onecommunity.com/","info@ONEcommunity.co","480-355-0088"
"California","Palm Springs","Transgender Health And Wellness Center: Palm Springs",1,1,1,1,1,1,1,1,1,1,1,1,0,,,,,"X",,,"340 South Farrell Dr Suite A208
Palm Springs, CA 92262",,,,,"https://trans.health/","info@trans.health","760-202-4308"
"California","Riverside","Transgender Health And Wellness Center: Riverside I",1,1,0,0,1,1,1,1,1,1,0,1,0,,,,,"X",,,"6700 Indiana Ave Suite 252
Riverside, CA 92506",,,,,"https://trans.health/","info@trans.health","951-530-8257"
"California","Riverside","Transgender Health And Wellness Center: Riverside II",1,0,0,0,0,0,1,0,0,0,0,0,0,,,,,"X",,,"6840 Indiana Ave
Riverside, CA 92506",,,,,"https://trans.health/","info@trans.health","951-530-8148"
"California","San Diego","Transgender Health And Wellness Center: San Diego",1,1,0,0,1,1,1,1,1,1,1,1,0,,,,,"X",,,"3737 Moraga Ave A204
San Diego, CA 92117",,,,,"https://trans.health/","info@trans.health","858-352-6438"
"California","North Hills","Hope: The Mission",1,1,1,1,1,1,1,1,1,1,1,1,0,,,,,,,"X","North Hills, CA",,,,,"https://hopethemission.org/","info@hopethemission.org","818-392-0020"
"California","Modesto","Rainbow Clinic Paradise Medical Office",0,0,0,0,0,0,1,0,0,1,0,0,0,,,,,"X",,,"401 Paradise Rd
Modesto, CA 95351",,,,,"https://www.lgbtqcollaborative.org/community-resources/rainbow-clinic-paradise-medical-office","unknown","209-558-5680"
"California","Palm Springs area, some services statewide","The Transpower Project",1,1,1,0,1,1,1,1,1,1,0,1,1,"X",,,,,,,"Palm Springs, CA",,,,,"http://www.transpowerproject.com/","jrostovsky@queerworks.org","unknown"
"Connecticut","Norwalk","Circle Care Center",0,0,0,0,0,0,1,0,1,1,0,0,0,,,,,"X",,,"618 West Ave
Norwalk, CT 06850",,,,,"https://circlecarecenter.org/","info@whcccc.org","203-852-9525"
"New York","Oneonta","Susquehanna Family Practice and Gender Wellness Center",1,0,0,0,0,0,1,0,1,1,0,0,0,,,,,"X",,,"1 FoxCare Dr Suite 103
Oneonta, NY 13820",,,,,"https://www.bassett.org/locations/susquehanna-family-practice-and-gender-wellness-center","unknown","607-431-5757"
"Ohio","Cleveland Heights","Central Outreach Wellness Center: Cleveland Heights",0,0,0,0,0,0,1,0,0,1,1,0,0,,,,,"X",,,"2323 Lee Rd
 Cleveland Heights, OH 44118",,,,,"https://www.centraloutreach.com/",,
"Ohio","Columbus","Central Outreach Wellness Center: Columbus",0,0,0,0,0,0,1,0,0,1,1,0,0,,,,,"X",,,"2680 W Broad St
 Columbus, OH 43204",,,,,"https://www.centraloutreach.com/",,
"Pennsylvania","Harrisburg","Rainbow Passage: A Safe Way Out",0,0,1,1,0,1,0,0,0,0,1,0,1,,,,,,"X",,"Harrisburgh, Pennsylvania",,,,,"https://rainbowpassage.org/","Contact Form: https://rainbowpassage.org/contactUs","None"
"Pennsylvania","Pittsburgh","Central Outreach Wellness Center: Pittsburgh",0,0,0,0,0,0,1,0,0,1,1,0,0,,,,,"X",,,"127 Anderson St STE 101
 Pittsburgh, PA 15212",,,,,"https://www.centraloutreach.com/",,"412-322-4151"
"Pennsylvania","Washington","Central Outreach Wellness Center: Washington",0,0,0,0,0,0,1,0,0,1,1,0,0,,,,,"X",,,"817 Jefferson Ave 
Washington, PA 15301",,,,,"https://www.centraloutreach.com/",,"724-993-8000"
"Pennsylvania","Alquippa","Central Outreach Wellness Center: Alquippa",0,0,0,0,0,0,1,0,0,1,1,0,0,,,,,"X",,,"2360 Hospital Dr, Upper Suite 1
 Aliquippa, PA 15001",,,,,"https://www.centraloutreach.com/",,"724-707-1155"
"Pennsylvania","Erie","Central Outreach Wellness Center: Erie",0,0,0,0,0,0,1,0,0,1,1,0,0,,,,,"X",,,"3104 State St
 Erie, PA 16508",,,,,"https://www.centraloutreach.com/",,"814-619-4009"
"Pennsylvania","Pittsburgh","Persad Center: LGBTQ+ Mental Health",1,0,0,0,0,0,1,0,1,1,1,1,0,,,,,"X",,,"5301 Butler St Suite 100 Pittsburgh, PA 15201",,,,,"https://www.persadcenter.org/","khenry@persadcenter.org","412-441-9786"
"South Carolina","Lexington","Transgender Awareness Alliance",1,0,0,1,0,0,1,0,1,0,0,0,0,,,"X",,,,,"South Carolina",,,,,"https://www.taagg.org/","info@taagg.org","unknown"
"Tennessee","Nashville","Inclusion Tennessee",0,0,1,0,0,0,1,0,0,0,0,1,0,"X",,,,,,,"2817 West End Ave, #126-166 Nashville, Tennessee 37203",,,,,"https://inclusiontn.org/","info@inclusiontn.org","615-840-0000"
"Texas","Austin","OutYouth Youth Center",1,0,1,0,0,0,1,1,1,1,1,1,0,,"X",,,,,,"909 E. 49 1/2 Street Austin, Texas 78751",,,,,"http://www.outyouth.org/","hello@outyouth.org","512-419-1233"
"Texas","College Station","Pride Community Center  ",1,0,0,0,0,0,1,0,0,0,1,0,0,,,"X",,,,,"College Station, Texas",,,,,"https://www.pridecc.org/","info@pridecc.org","979-217-1324"
"Texas","Odessa","Pride Center West Texas",1,0,0,0,0,0,1,0,0,0,1,1,0,"X",,,,,,,"4141 Tanglewood Ln Odessa, TX 79761",,,,,"https://www.pridecenterwt.org/","Info@PrideCenterWT.org","432-242-2023"
"United States","National","Trans Families: Gender Odyssey Alliance",1,0,0,0,0,0,0,0,0,0,1,1,0,,,"X",,,,,"United States",,,,,"https://transfamilies.org/","unknown, contact form on website","855-443-6337"
"Utah","Salt Lake City","Utah Pride Center",1,1,0,0,1,0,1,0,1,1,1,1,0,"X",,,,,,,"1380 South Main St Salt Lake City, UT 84115",,,,,"https://utahpridecenter.org/","info@utahpridecenter.org","801-539-8800"
"Utah","South Jordan","Flourish Therapy",0,0,0,0,0,0,0,0,0,1,0,0,0,,,,,"X",,,"10718 South Beckstead Lane South Jordan, UT 84095",,,,,"https://flourishtherapy.org/","info@flourishtherapy.org","385-309-1038"
"Vermont","Barre","The Rainbow Bridge Community Center Inc",0,0,1,0,0,0,0,0,0,0,1,1,0,"X",,,,,,,"81 N. Main St Suite 2 Barre, VT 05641",,,,,"https://rainbowbridgevt.org/","info@rainbowbridgevt.org","802-622-0692"
"Vermont","Brattleboro","Out in the Open",1,0,0,1,0,0,1,0,0,0,1,0,0,"X",,,,,,,"Brattleboro, Vermont",,,,,"https://www.weareoutintheopen.org/","info@weareoutintheopen.org","unknown"
"Vermont","Burlington","Outright Vermont (Youth Center)",1,0,0,0,0,0,0,0,0,0,1,1,0,,"X",,,,,,"241 N Winooski Ave Burlington, VT 05401",,,,,"https://outrightvt.org/","info@outrightvt.org","802-865-9677"
"Vermont","Burlington","Pride Center of Vermont",1,1,0,0,0,0,1,0,1,0,1,0,0,"X",,,,,,,"255 S Champlain St #12 Burlington, VT 05401",,,,,"https://www.pridecentervt.org/","info@pridecentervt.org","802-860-7812"
"Virginia","Front Royal","Power Safe Place Resource Center of Virginia",1,1,1,1,1,0,0,1,0,0,1,0,1,"X",,,,,,,"Front Royal, Virginia",,,,,"https://www.powersafeplace.org/","psprcva@gmail.com","540-686-1280"
"Virginia","Harrisonburg","Friendly City Safe Space",1,1,0,0,0,0,1,0,0,0,1,0,0,"X",,,,,,,"217 South Liberty St Suite 203 Harrisonburg, VA 22801",,,,,"https://friendlycitysafespace.org/","friendlycitysafespace@gmail.com","540-308-9009"
"Virginia","Staunton","Shenandoah LGBTQ Center",1,1,0,1,0,1,1,1,1,1,1,1,0,"X",,,,,,,"13 W. Beverley St 5th Floor Staunton, VA 24401",,,,,"https://www.shenlgbtqcenter.org/","hello@shenlgbtqcenter.org","540-466-3320"
"Virginia","Statewide","Thriving Transmen of Color",1,1,1,1,1,1,1,0,1,1,1,1,0,,,"X",,,,,"Virginia (potentially national? contact)",,,,,"https://www.thrivingtransmenofcolor.org/","thrivingtransmenofcolor@gmail.com","804-505-5013"
"Virginia","Norfolk","LGBT Life Center: Court One",0,0,1,1,1,1,1,0,1,1,1,1,0,"X",,,,,,,"247 W. 25th St Norfolk, VA 23517",,,,,"https://lgbtlifecenter.org/","info@lgbtlifecenter.org","757-640-0929"
"Virginia","Norfolk","LGBT Life Center: Robin Hood Road",0,0,1,1,1,1,1,0,1,1,1,1,0,"X",,,,,,,"5360 Robin Hood Road Norfolk, VA 23513",,,,,"https://lgbtlifecenter.org/","info@lgbtlifecenter.org","757-640-0929"
"Virginia","Richmond","Diversity Richmond",0,0,0,0,0,0,0,0,0,0,1,0,0,"X",,,,,,,"1407 Sherwood Ave Richmond, VA 23220",,,,,"https://diversityrichmond.org/","info@diversityrichmond.org","804-622-4646"
"Virginia","Richmond","Side by Side (Youth Center)",0,0,1,1,1,1,0,1,0,1,1,1,0,,"X",,,,,,"2311 Westwood Ave Richmond, VA 23230",,,,,"https://www.sidebysideva.org/","info@sidebysideva.org","804-644-4800"
"Washington","Olympia","Pizza Klatch (Youth Organization)",1,0,0,0,0,0,0,0,0,0,1,1,0,,"X",,,,,,"312 4th Ave. E. Olympia, WA 98501",,,,,"https://pizzaklatch.org/","unknown","360-339-7574"
"Washington","Seattle","Lambert House (Youth Center)",0,0,1,0,0,0,0,0,0,1,1,1,0,,"X",,,,,,"1818 15th Ave Seattle, WA 98122",,,,,"https://www.lamberthouse.org/","unknown","206-322-2515"
"Washington","Seattle","Seattle's LGBTQ+ Center (Formerly Gay City)",1,1,0,0,1,0,1,1,0,0,1,1,1,"X",,,,,,,"400 E. Pine St Suite 100 Seattle, WA 98122",,,,,"https://www.gaycity.org/","info@gaycity.org","206-860-6969"
"Washington","Tacoma","Rainbow Center",1,0,0,0,0,0,0,0,0,0,1,0,0,"X",,,,,,,"2215 Pacific Ave Tacoma, WA 98402",,,,,"https://rainbowcntr.org/","unknown","253-383-2318"
"Washington","Tacoma","Oasis Youth Center: Tacoma",1,0,0,0,0,0,0,0,0,0,1,1,0,,"X",,,,,," 2215 Pacific Ave Tacoma, WA 98402",,,,,"https://twitter.com/oasistacoma?lang=en","oasis@oasisyouthcenter.org","253-671-2838"
"West Virginia","Charleston","Covenant House",0,1,1,1,1,1,0,1,1,1,1,0,0,,,,,,,"X","600 Shrewsbury St Charleston, WV 25301",,,,,"https://wvcovenanthouse.org/","unknown","304-344-8053"
"Wisconsin","La Crosse","The Center: 7 Rivers LGBTQ Connection",1,1,1,0,0,0,1,0,0,0,1,1,0,"X",,,,,,,"230 Sixth St South La Crosse, WI 54601",,,,,"https://www.7riverslgbtq.org/","info@7riverslgbtq.org","608-784-0452"
"Wisconsin","Madison","OutReach LGBT Community Center",1,0,1,0,0,0,0,0,0,0,1,0,0,"X",,,,,,,"2701 International Ln, Ste 101 Madison, WI 53704",,,,,"https://www.outreachmadisonlgbt.org/","info@lgbtoutreach.org","608-255-8582"
"Wisconsin","Milwaukee","The Milwaukee LGBT Community Center",1,1,1,0,1,0,1,0,1,0,1,1,0,"X",,,,,,,"315 W Court St, Milwaukee, WI 53212
 ",,,,,"https://www.mkelgbt.org/","admin@mkelgbt.org","414-271-2656"
"Wisconsin","Racine","LGBT Center of SE Wisconsin",1,0,0,0,0,0,0,0,0,0,1,1,0,"X",,,,,,,"1456 Junction Ave Racine, WI 53403",,,,,"https://lgbtsewi.org/","info@lgbtsewi.org","262-664-4100"
"Alabama","Birmingham","Magic City Wellness Center",0,0,0,0,0,0,1,0,0,0,0,0,0,,,,,"X",,," 3220 5th Avenue South, Suite 100 Birmingham, AL 35222
",,,,,"https://www.magiccitywellnesscenter.org/","live messaging on website","205-877-8677"
